Rk,PlayerName,PlayerCode,Age,Tm,Lg,W,L,W-L%,ERA,G,GS,GF,CG,SHO,SV,IP,H,R,ER,HR,BB,IBB,SO,HBP,BK,WP,BF,ERA+,FIP,WHIP,H9,HR9,BB9,SO9,SO/W
1,R.J. Alaniz,alanirj01,28,SEA,AL,0,0,,24.00,3,0,0,0,0,0,3.0,9,8,8,2,2,0,4,0,0,0,19,19,11.10,3.667,27.0,6.0,6.0,12.0,2.00
2,Matt Albers,alberma01,36,MIL,NL,1,1,.500,7.04,7,0,0,0,0,0,7.2,9,6,6,3,1,0,9,0,1,0,33,67,6.23,1.304,10.6,3.5,1.2,10.6,9.00
3,Hanser Alberto,alberha01,26,BAL,AL,0,0,,18.00,1,0,1,0,0,0,1.0,1,2,2,1,2,0,0,1,0,0,7,32,25.10,3.000,9.0,9.0,18.0,0.0,0.00
4,Sandy Alcantara,alcansa01,23,MIA,NL,1,2,.333,5.09,4,4,0,0,0,0,23.0,26,13,13,0,8,1,19,0,0,0,100,79,2.50,1.478,10.2,0.0,3.1,7.4,2.38
5,Victor Alcantara,alcanvi01,26,DET,AL,2,0,1.000,2.45,9,0,3,0,0,0,7.1,5,2,2,2,3,0,5,1,0,0,30,192,6.92,1.091,6.1,2.5,3.7,6.1,1.67
6,Scott Alexander,alexasc02,29,LAD,NL,1,0,1.000,1.23,11,0,0,0,0,0,7.1,4,1,1,0,1,0,7,0,0,0,26,358,1.60,0.682,4.9,0.0,1.2,8.6,7.00
7,Cody Allen,allenco01,30,LAA,AL,0,1,.000,2.45,7,0,7,0,0,4,7.1,3,2,2,0,4,0,8,0,0,0,31,183,2.56,0.955,3.7,0.0,4.9,9.8,2.00
8,Yency Almonte,almonye01,25,COL,NL,0,0,,6.23,3,0,1,0,0,0,4.1,4,4,3,0,2,0,1,0,0,0,20,89,4.03,1.385,8.3,0.0,4.2,2.1,0.50
9,Dan Altavilla,altavda01,26,SEA,AL,0,0,,0.00,1,0,0,0,0,0,0.1,1,0,0,0,1,0,0,0,0,1,3,,12.10,6.000,27.0,0.0,27.0,0.0,0.00
10,Aaron Altherr,altheaa01,28,PHI,NL,0,0,,9.00,1,0,1,0,0,0,1.0,2,1,1,0,0,0,2,0,0,0,5,67,-0.90,2.000,18.0,0.0,0.0,18.0,
11,Jose Alvarado,alvarjo03,24,TBR,AL,0,0,,0.00,10,0,5,0,0,4,9.1,4,0,0,0,4,0,16,0,0,1,36,,0.96,0.857,3.9,0.0,3.9,15.4,4.00
12,Jose Alvarez,alvarjo02,30,PHI,NL,0,1,.000,9.39,8,0,3,0,0,1,7.2,15,9,8,3,1,0,5,0,0,0,38,50,7.28,2.087,17.6,3.5,1.2,5.9,5.00
13,Brett Anderson,anderbr04,31,OAK,AL,3,0,1.000,2.63,4,4,0,0,0,0,24.0,20,8,7,1,9,1,14,2,0,0,102,161,3.85,1.208,7.5,0.4,3.4,5.3,1.56
14,Chase Anderson,anderch01,31,MIL,NL,1,0,1.000,4.50,5,0,1,0,0,0,10.0,10,5,5,3,4,1,13,0,0,1,43,104,5.60,1.400,9.0,2.7,3.6,11.7,3.25
15,Cody Anderson,anderco01,28,CLE,AL,0,0,,4.50,1,0,1,0,0,0,2.0,2,1,1,0,1,0,2,0,0,1,8,116,2.60,1.500,9.0,0.0,4.5,9.0,2.00
16,Drew Anderson,anderdr02,25,PHI,NL,0,0,,0.00,1,0,0,0,0,0,2.0,0,0,0,0,2,1,2,0,0,0,8,,4.10,1.000,0.0,0.0,9.0,9.0,1.00
17,Justin Anderson,anderju01,26,LAA,AL,2,0,1.000,0.00,5,0,0,0,0,0,5.2,2,0,0,0,3,0,5,0,0,1,22,,2.93,0.882,3.2,0.0,4.8,7.9,1.67
18,Nick Anderson,anderni01,28,MIA,NL,0,0,,2.08,9,0,0,0,0,0,8.2,8,2,2,1,2,2,17,1,0,0,37,199,1.72,1.154,8.3,1.0,2.1,17.7,8.50
19,Tyler Anderson,anderty01,29,COL,NL,0,2,.000,11.00,2,2,0,0,0,0,9.0,18,11,11,2,3,0,5,0,0,0,47,49,5.88,2.333,18.0,2.0,3.0,5.0,1.67
20,Matt Andriese,andrima01,29,ARI,NL,2,1,.667,4.63,7,0,2,0,0,0,11.2,8,6,6,3,6,0,13,2,1,4,51,103,6.28,1.200,6.2,2.3,4.6,10.0,2.17
21,Victor Arano,aranovi01,24,PHI,NL,1,0,1.000,3.86,3,0,1,0,0,0,4.2,2,2,2,1,2,0,7,0,0,0,16,125,4.18,0.857,3.9,1.9,3.9,13.5,3.50
22,Pedro Araujo,araujpe01,25,BAL,AL,0,0,,27.00,1,0,0,0,0,0,0.2,2,2,2,1,1,0,0,0,0,0,4,24,27.10,4.500,27.0,13.5,13.5,0.0,0.00
23,Chris Archer,archech01,30,PIT,NL,1,0,1.000,2.00,3,3,0,0,0,0,18.0,11,4,4,2,7,1,24,1,0,0,70,215,3.22,1.000,5.5,1.0,3.5,12.0,3.43
24,Shawn Armstrong,armstsh01,28,SEA,AL,0,1,.000,13.50,3,0,1,0,0,0,2.2,5,4,4,1,2,0,3,1,0,0,16,34,9.10,2.625,16.9,3.4,6.8,10.1,1.50
25,Jake Arrieta,arrieja01,33,PHI,NL,3,1,.750,2.25,4,4,0,0,0,0,28.0,19,7,7,3,12,1,18,2,0,2,110,202,4.71,1.107,6.1,1.0,3.9,5.8,1.50
26,Pedro Avila,avilape01,22,SDP,NL,0,0,,1.69,1,1,0,0,0,0,5.1,4,1,1,0,2,0,5,1,0,0,23,265,2.92,1.125,6.8,0.0,3.4,8.4,2.50
27,Luis Avilan,avilalu01,29,NYM,NL,1,0,1.000,10.80,7,0,0,0,0,0,6.2,13,8,8,2,3,0,5,1,0,1,36,39,7.30,2.400,17.6,2.7,4.1,6.8,1.67
28,Pedro Baez,baezpe01,31,LAD,NL,0,1,.000,3.65,10,0,2,0,0,0,12.1,8,8,5,1,2,0,11,2,0,0,50,118,3.35,0.811,5.8,0.7,1.5,8.0,5.50
29,Homer Bailey,baileho02,33,KCR,AL,2,1,.667,4.30,4,4,0,0,0,0,23.0,18,11,11,3,7,0,27,0,0,0,92,104,3.36,1.087,7.0,1.2,2.7,10.6,3.86
30,Manny Banuelos,banuema01,28,CHW,AL,1,0,1.000,3.48,4,0,1,0,0,0,10.1,7,4,4,1,7,0,9,0,0,0,41,127,4.65,1.355,6.1,0.9,6.1,7.8,1.29
31,Luke Bard,bardlu01,28,LAA,AL,0,0,,4.76,4,0,2,0,0,0,5.2,6,3,3,2,1,0,5,1,0,0,23,96,6.99,1.235,9.5,3.2,1.6,7.9,5.00
32,Scott Barlow,barlosc01,26,KCR,AL,0,0,,2.25,5,0,1,0,0,1,8.0,8,2,2,1,4,0,10,2,1,0,37,205,4.48,1.500,9.0,1.1,4.5,11.3,2.50
33,Jacob Barnes,barneja01,29,MIL,NL,1,0,1.000,3.52,7,0,1,0,0,0,7.2,5,3,3,1,1,0,9,0,0,0,30,134,2.84,0.783,5.9,1.2,1.2,10.6,9.00
34,Matt Barnes,barnema01,29,BOS,AL,1,0,1.000,1.42,6,0,2,0,0,1,6.1,3,1,1,0,1,0,12,1,0,2,25,331,0.26,0.632,4.3,0.0,1.4,17.1,12.00
35,Kyle Barraclough,barraky01,29,WSN,NL,0,0,,1.35,10,0,1,0,0,0,6.2,7,1,1,0,3,2,7,0,1,0,29,353,2.35,1.500,9.5,0.0,4.1,9.5,2.33
36,Jaime Barria,barrija01,22,LAA,AL,1,1,.500,5.87,2,1,0,0,0,0,7.2,10,5,5,1,2,0,6,0,0,0,33,77,4.02,1.565,11.7,1.2,2.3,7.0,3.00
37,Trevor Bauer,bauertr01,28,CLE,AL,2,1,.667,2.05,4,4,0,0,0,0,26.1,16,6,6,2,11,0,32,2,0,0,106,221,3.14,1.025,5.5,0.7,3.8,10.9,2.91
38,Cam Bedrosian,bedroca01,27,LAA,AL,1,1,.500,5.40,8,0,1,0,0,0,8.1,7,6,5,0,6,0,10,2,0,3,39,83,3.58,1.560,7.6,0.0,6.5,10.8,1.67
39,Jalen Beeks,beeksja02,25,TBR,AL,0,0,,4.40,7,0,3,0,0,1,14.1,18,7,7,1,6,0,13,0,0,0,66,97,3.45,1.674,11.3,0.6,3.8,8.2,2.17
40,Travis Bergen,bergetr01,25,SFG,NL,2,0,1.000,7.11,9,0,2,0,0,0,6.1,6,5,5,2,2,1,7,0,0,0,27,62,5.95,1.263,8.5,2.8,2.8,9.9,3.50
41,Jose Berrios,berrijo01,25,MIN,AL,2,1,.667,2.30,4,4,0,0,0,0,27.1,15,7,7,3,5,0,28,1,0,0,102,194,3.14,0.732,4.9,1.0,1.6,9.2,5.60
42,Chad Bettis,bettich01,30,COL,NL,0,2,.000,8.78,3,3,0,0,0,0,13.1,20,14,13,2,8,1,9,0,0,0,64,60,5.50,2.100,13.5,1.4,5.4,6.1,1.13
43,Joe Biagini,biagijo01,29,TOR,AL,1,1,.500,2.70,11,0,2,0,0,1,10.0,6,3,3,2,3,1,12,0,0,0,39,163,4.20,0.900,5.4,1.8,2.7,10.8,4.00
44,Jesse Biddle,biddlje01,27,ATL,NL,0,1,.000,2.89,10,0,1,0,0,0,9.1,10,4,3,1,5,0,9,0,0,2,43,156,4.18,1.607,9.6,1.0,4.8,8.7,1.80
45,Shane Bieber,biebesh01,24,CLE,AL,2,0,1.000,1.71,4,3,1,0,0,0,21.0,11,4,4,1,6,0,22,1,0,2,82,265,2.63,0.810,4.7,0.4,2.6,9.4,3.67
46,Kyle Bird,birdky01,26,TEX,AL,0,0,,6.75,5,0,1,0,0,1,5.1,4,4,4,2,7,0,3,2,0,0,29,77,11.92,2.063,6.8,3.4,11.8,5.1,0.43
47,Richard Bleier,bleieri01,32,BAL,AL,0,0,,14.54,4,0,1,0,0,1,4.1,9,7,7,2,0,0,4,1,0,0,23,32,7.95,2.077,18.7,4.2,0.0,8.3,
48,Brad Boxberger,boxbebr01,31,KCR,AL,0,3,.000,9.72,9,0,6,0,0,1,8.1,12,9,9,3,4,0,10,0,0,0,40,47,6.82,1.920,13.0,3.2,4.3,10.8,2.50
49,Matthew Boyd,boydma01,28,DET,AL,1,1,.500,2.96,4,4,0,0,0,0,24.1,20,9,8,1,7,0,36,1,0,1,100,155,1.67,1.110,7.4,0.4,2.6,13.3,5.14
50,Brad Brach,brachbr01,33,CHC,NL,1,0,1.000,3.52,7,0,1,0,0,0,7.2,4,3,3,0,10,0,7,0,0,1,35,134,5.19,1.826,4.7,0.0,11.7,8.2,0.70
51,Chasen Bradford,bradfch02,29,SEA,AL,0,0,,4.26,5,0,2,0,0,1,6.1,7,3,3,1,2,0,5,0,0,0,27,101,4.53,1.421,9.9,1.4,2.8,7.1,2.50
52,Archie Bradley,bradlar01,26,ARI,NL,1,1,.500,2.00,7,0,0,0,0,0,9.0,9,2,2,2,5,0,11,0,0,0,41,239,5.22,1.556,9.0,2.0,5.0,11.0,2.20
53,Ryan Brasier,brasiry01,31,BOS,AL,0,0,,2.16,9,0,5,0,0,3,8.1,6,2,2,2,2,0,8,1,0,0,33,215,5.38,0.960,6.5,2.2,2.2,8.6,4.00
54,Steven Brault,braulst01,27,PIT,NL,0,1,.000,9.64,2,0,0,0,0,0,4.2,5,5,5,1,4,0,4,1,0,0,23,47,7.39,1.929,9.6,1.9,7.7,7.7,1.00
55,John Brebbia,brebbjo01,29,STL,NL,1,0,1.000,0.79,8,0,2,0,0,0,11.1,5,1,1,1,5,0,12,0,0,0,44,544,3.46,0.882,4.0,0.8,4.0,9.5,2.40
56,Brandon Brennan,brennbr01,27,SEA,AL,1,1,.500,1.29,11,0,1,0,0,0,14.0,7,2,2,1,4,0,15,0,0,3,52,326,2.75,0.786,4.5,0.6,2.6,9.6,3.75
57,Colten Brewer,breweco01,26,BOS,AL,0,1,.000,6.75,8,0,2,0,0,0,6.2,9,5,5,0,6,0,10,0,0,2,36,70,2.80,2.250,12.2,0.0,8.1,13.5,1.67
58,Austin Brice,briceau01,27,MIA,NL,0,0,,2.61,6,0,3,0,0,0,10.1,7,5,3,1,5,0,8,2,0,2,46,157,4.85,1.161,6.1,0.9,4.4,7.0,1.60
59,Zack Britton,brittza01,31,NYY,AL,0,0,,3.68,8,0,2,0,0,0,7.1,8,3,3,0,4,0,6,0,0,0,33,125,3.10,1.636,9.8,0.0,4.9,7.4,1.50
60,Aaron Brooks,brookaa01,29,OAK,AL,2,1,.667,4.24,3,3,0,0,0,0,17.0,14,8,8,3,5,0,11,0,0,0,67,100,4.99,1.118,7.4,1.6,2.6,5.8,2.20
61,Clay Buchholz,buchhcl01,34,TOR,AL,0,0,,3.38,2,2,0,0,0,0,10.2,12,4,4,1,3,0,6,0,0,0,45,130,4.04,1.406,10.1,0.8,2.5,5.1,2.00
62,Ryan Buchter,buchtry01,32,OAK,AL,0,1,.000,6.00,11,0,1,0,0,0,6.0,8,4,4,0,6,0,9,1,0,0,33,74,3.60,2.333,12.0,0.0,9.0,13.5,1.50
63,Walker Buehler,buehlwa01,24,LAD,NL,2,0,1.000,5.40,4,4,0,0,0,0,18.1,16,12,11,1,6,0,17,1,0,2,76,79,3.10,1.200,7.9,0.5,2.9,8.3,2.83
64,Madison Bumgarner,bumgama01,29,SFG,NL,1,2,.333,3.12,4,4,0,0,0,0,26.0,20,14,9,5,4,0,23,2,0,0,101,136,4.53,0.923,6.9,1.7,1.4,8.0,5.75
65,Dylan Bundy,bundydy01,26,BAL,AL,0,2,.000,7.79,4,4,0,0,0,0,17.1,18,15,15,7,9,0,22,1,0,0,78,56,7.55,1.558,9.3,3.6,4.7,11.4,2.44
66,Nick Burdi,burdini01,26,PIT,NL,2,1,.667,3.52,9,0,3,0,0,0,7.2,6,3,3,0,1,0,15,0,0,1,30,126,-0.42,0.913,7.0,0.0,1.2,17.6,15.00
67,Corbin Burnes,burneco01,24,MIL,NL,0,2,.000,10.70,4,4,0,0,0,0,17.2,30,21,21,11,8,0,24,0,0,1,90,43,9.84,2.151,15.3,5.6,4.1,12.2,3.00
68,Ryan Burr,burrry01,25,CHW,AL,1,0,1.000,5.40,8,0,1,0,0,0,10.0,8,8,6,2,4,0,9,0,0,0,43,82,5.10,1.200,7.2,1.8,3.6,8.1,2.25
69,Ty Buttrey,buttrty01,26,LAA,AL,1,0,1.000,0.00,9,0,0,0,0,0,7.1,6,0,0,0,1,0,12,0,0,1,28,,0.24,0.955,7.4,0.0,1.2,14.7,12.00
70,Trevor Cahill,cahiltr01,31,LAA,AL,1,1,.500,4.50,4,4,0,0,0,0,22.0,19,11,11,5,4,0,18,2,0,3,90,97,5.24,1.045,7.8,2.0,1.6,7.4,4.50
71,Shane Carle,carlesh01,27,ATL,NL,0,0,,9.64,4,0,0,0,0,0,4.2,3,5,5,2,7,1,2,2,0,0,25,49,13.60,2.143,5.8,3.9,13.5,3.9,0.29
72,Carlos Carrasco,carraca01,32,CLE,AL,2,2,.500,7.41,4,4,0,0,0,0,17.0,25,14,14,3,5,0,29,1,0,1,80,61,3.05,1.765,13.2,1.6,2.6,15.4,5.80
73,Andrew Cashner,cashnan01,32,BAL,AL,3,1,.750,4.97,5,5,0,0,0,0,25.1,27,15,14,5,12,0,15,0,0,0,110,88,5.91,1.539,9.6,1.8,4.3,5.3,1.25
74,Diego Castillo,castidi01,25,TBR,AL,0,1,.000,0.82,10,0,4,0,0,2,11.0,6,2,1,0,3,1,10,0,0,2,38,526,2.10,0.818,4.9,0.0,2.5,8.2,3.33
75,Luis Castillo,castilu02,26,CIN,NL,1,1,.500,1.46,4,4,0,0,0,0,24.2,9,4,4,0,13,0,32,2,1,0,96,315,2.33,0.892,3.3,0.0,4.7,11.7,2.46
76,Miguel Castro,castrmi01,24,BAL,AL,0,1,.000,9.31,8,0,7,0,0,1,9.2,13,10,10,3,5,0,8,0,2,0,46,48,7.04,1.862,12.1,2.8,4.7,7.4,1.60
77,Luis Cessa,cessalu01,27,NYY,AL,0,0,,1.08,4,0,1,0,0,0,8.1,5,2,1,0,4,0,9,0,0,0,35,423,2.38,1.080,5.4,0.0,4.3,9.7,2.25
78,Jhoulys Chacin,chacijh01,31,MIL,NL,2,2,.500,6.52,4,4,0,0,0,0,19.1,15,14,14,5,11,0,17,0,0,0,82,71,6.41,1.345,7.0,2.3,5.1,7.9,1.55
79,Andrew Chafin,chafian01,29,ARI,NL,0,1,.000,4.05,9,0,1,0,0,0,6.2,7,3,3,1,4,0,7,1,0,0,29,120,5.20,1.650,9.5,1.4,5.4,9.5,1.75
80,Aroldis Chapman,chapmar01,31,NYY,AL,0,1,.000,2.57,7,0,7,0,0,3,7.0,6,2,2,0,1,0,9,0,0,0,28,179,0.96,1.000,7.7,0.0,1.3,11.6,9.00
81,JT Chargois,chargjt01,28,LAD,NL,0,0,,10.80,2,0,1,0,0,0,1.2,2,2,2,1,1,0,1,0,0,0,8,47,11.50,1.800,10.8,5.4,5.4,5.4,1.00
82,Tyler Chatwood,chatwty01,29,CHC,NL,0,0,,6.00,4,0,0,0,0,0,6.0,6,4,4,1,5,0,6,0,0,1,29,80,5.77,1.833,9.0,1.5,7.5,9.0,1.20
83,Jesse Chavez,chaveje01,35,TEX,AL,0,0,,9.39,9,0,1,0,0,0,7.2,12,8,8,2,2,0,6,1,0,0,37,54,6.10,1.826,14.1,2.3,2.3,7.0,3.00
84,Wei-Yin Chen,chenwe02,33,MIA,NL,0,1,.000,18.00,5,0,2,0,0,0,7.0,15,14,14,5,6,0,8,2,0,0,43,23,13.53,3.000,19.3,6.4,7.7,10.3,1.33
85,Yonny Chirinos,chiriyo01,25,TBR,AL,3,0,1.000,3.26,4,2,0,0,0,0,19.1,12,7,7,2,4,0,19,0,0,0,70,130,3.10,0.828,5.6,0.9,1.9,8.8,4.75
86,Adam Cimber,cimbead01,28,CLE,AL,1,0,1.000,1.35,9,0,2,0,0,0,6.2,2,2,1,0,0,0,6,0,0,0,23,348,1.30,0.300,2.7,0.0,0.0,8.1,
87,Steve Cishek,cishest01,33,CHC,NL,0,1,.000,4.26,7,0,1,0,0,0,6.1,4,3,3,0,4,0,7,0,0,0,25,112,2.79,1.263,5.7,0.0,5.7,9.9,1.75
88,Alex Claudio,claudal01,27,MIL,NL,0,1,.000,5.40,11,0,3,0,0,0,8.1,5,5,5,0,5,0,3,0,0,0,35,87,4.18,1.200,5.4,0.0,5.4,3.2,0.60
89,Mike Clevinger,clevimi01,28,CLE,AL,1,0,1.000,0.00,2,2,0,0,0,0,12.0,2,0,0,0,4,0,22,0,0,0,42,,0.44,0.500,1.5,0.0,3.0,16.5,5.50
90,Alex Cobb,cobbal01,31,BAL,AL,0,0,,3.18,1,1,0,0,0,0,5.2,5,2,2,2,1,0,4,0,0,0,22,144,6.81,1.059,7.9,3.2,1.6,6.4,4.00
91,Gerrit Cole,colege01,28,HOU,AL,1,2,.333,3.24,4,4,0,0,0,0,25.0,17,12,9,3,6,0,36,0,0,0,98,132,2.50,0.920,6.1,1.1,2.2,13.0,6.00
92,Tim Collins,colliti01,29,CHC,NL,0,0,,3.00,3,0,2,0,0,0,3.0,4,1,1,0,2,0,2,0,0,0,15,168,3.77,2.000,12.0,0.0,6.0,6.0,1.00
93,Alex Colome,colomal01,30,CHW,AL,0,0,,2.25,8,0,8,0,0,4,8.0,3,2,2,1,2,0,8,0,0,0,29,199,3.48,0.625,3.4,1.1,2.3,9.0,4.00
94,Adam Conley,conlead01,29,MIA,NL,0,2,.000,8.10,9,0,3,0,0,1,6.2,12,6,6,1,3,1,5,1,0,0,36,52,5.35,2.250,16.2,1.4,4.1,6.8,1.67
95,Patrick Corbin,corbipa01,29,WSN,NL,1,0,1.000,2.36,4,4,0,0,0,0,26.2,19,7,7,4,5,0,33,1,0,1,102,194,3.25,0.900,6.4,1.4,1.7,11.1,6.60
96,Dylan Covey,coveydy01,27,CHW,AL,0,1,.000,6.75,2,0,1,0,0,0,1.1,2,2,1,0,2,1,0,0,0,0,10,81,7.60,3.000,13.5,0.0,13.5,0.0,0.00
97,Kyle Crick,crickky01,26,PIT,NL,0,0,,0.00,3,0,0,0,0,0,3.0,0,0,0,0,0,0,4,0,0,0,9,,0.44,0.000,0.0,0.0,0.0,12.0,
98,John Curtiss,curtijo02,26,LAA,AL,0,0,,3.86,1,0,1,0,0,0,2.1,2,1,1,0,3,0,1,0,0,0,12,128,6.10,2.143,7.7,0.0,11.6,3.9,0.33
99,Yu Darvish,darviyu01,32,CHC,NL,1,2,.333,6.11,4,4,0,0,0,0,17.2,16,13,12,4,15,1,18,2,0,1,83,76,6.90,1.755,8.2,2.0,7.6,9.2,1.20
100,Zach Davies,davieza02,26,MIL,NL,2,0,1.000,1.19,4,4,0,0,0,0,22.2,20,5,3,2,9,0,15,1,0,1,93,386,4.25,1.279,7.9,0.8,3.6,6.0,1.67
101,Wade Davis,daviswa01,33,COL,NL,1,0,1.000,0.00,6,0,5,0,0,1,5.1,2,0,0,0,5,0,9,0,0,1,23,,2.54,1.313,3.4,0.0,8.4,15.2,1.80
102,Chase De Jong,dejonch01,25,MIN,AL,0,0,,36.00,1,0,1,0,0,0,1.0,3,4,4,1,3,0,0,0,0,0,9,17,25.10,6.000,27.0,9.0,27.0,0.0,0.00
103,Jacob deGrom,degroja01,31,NYM,NL,2,2,.500,3.68,4,4,0,0,0,0,22.0,21,9,9,5,7,0,36,0,0,2,92,111,3.74,1.273,8.6,2.0,2.9,14.7,5.14
104,Anthony DeSclafani,desclan01,29,CIN,NL,0,1,.000,7.43,3,3,0,0,0,0,13.1,15,11,11,4,7,2,16,1,0,0,62,63,6.40,1.650,10.1,2.7,4.7,10.8,2.29
105,Chris Devenski,devench02,28,HOU,AL,0,0,,3.00,5,0,2,0,0,0,6.0,8,2,2,1,1,0,8,0,0,0,27,149,3.10,1.500,12.0,1.5,1.5,12.0,8.00
106,Edwin Diaz,diazed04,25,NYM,NL,0,0,,1.35,8,0,8,0,0,6,6.2,6,1,1,1,1,0,13,0,0,1,27,314,1.60,1.050,8.1,1.4,1.4,17.6,13.00
107,Jake Diekman,diekmja01,32,KCR,AL,0,0,,4.70,9,0,0,0,0,0,7.2,6,4,4,0,4,0,9,3,0,1,36,98,3.50,1.304,7.0,0.0,4.7,10.6,2.25
108,Seranthony Dominguez,dominse01,24,PHI,NL,1,0,1.000,6.00,7,0,1,0,0,0,6.0,5,5,4,1,3,0,9,1,0,0,28,79,4.27,1.333,7.5,1.5,4.5,13.5,3.00
109,Sean Doolittle,doolise01,32,WSN,NL,3,0,1.000,0.93,9,0,8,0,0,2,9.2,10,1,1,0,3,0,11,0,0,0,42,504,1.76,1.345,9.3,0.0,2.8,10.2,3.67
110,Kyle Dowdy,dowdyky01,26,TEX,AL,1,0,1.000,5.40,3,0,1,0,0,0,6.2,5,5,4,1,4,0,5,0,0,0,30,95,5.35,1.350,6.8,1.4,5.4,6.8,1.25
111,Tyler Duffey,duffety01,28,MIN,AL,0,0,,3.00,2,0,1,0,0,0,3.0,2,1,1,1,1,0,5,0,0,0,12,164,5.10,1.000,6.0,3.0,3.0,15.0,5.00
112,Zach Duke,dukeza01,36,CIN,NL,1,1,.500,9.53,10,0,0,0,0,0,5.2,7,6,6,1,5,1,3,0,0,0,28,50,6.99,2.118,11.1,1.6,7.9,4.8,0.60
113,Ryan Dull,dullry01,29,OAK,AL,0,0,,40.50,1,0,0,0,0,0,0.2,2,3,3,1,1,0,1,0,0,0,5,16,24.10,4.500,27.0,13.5,13.5,13.5,1.00
114,Mike Dunn,dunnmi01,34,COL,NL,0,0,,3.60,9,0,1,0,0,0,5.0,3,2,2,0,3,0,3,0,0,0,21,152,3.70,1.200,5.4,0.0,5.4,5.4,1.00
115,Jon Duplantier,duplajo01,24,ARI,NL,0,0,,0.00,2,0,2,0,0,1,4.0,2,0,0,0,2,1,3,0,0,1,15,,3.10,1.000,4.5,0.0,4.5,6.8,1.50
116,Sam Dyson,dysonsa01,31,SFG,NL,0,0,,2.38,9,0,4,0,0,1,11.1,10,4,3,1,2,0,11,0,0,0,46,181,2.84,1.059,7.9,0.8,1.6,8.7,5.50
117,Carl Edwards Jr.,edwarca01,27,CHC,NL,0,1,.000,32.40,4,0,0,0,0,0,1.2,3,6,6,2,5,0,2,0,0,1,13,17,25.30,4.800,16.2,10.8,27.0,10.8,0.40
118,Jon Edwards,edwarjo02,31,CLE,AL,2,0,1.000,1.80,6,0,2,0,0,0,5.0,4,1,1,1,5,0,3,2,0,0,25,265,8.70,1.800,7.2,1.8,9.0,5.4,0.60
119,Zach Eflin,eflinza01,25,PHI,NL,2,2,.500,3.68,4,4,0,0,0,0,22.0,26,10,9,5,4,0,20,0,0,0,93,124,4.79,1.364,10.6,2.0,1.6,8.2,5.00
120,Jerad Eickhoff,eickhje01,28,PHI,NL,0,0,,0.00,1,0,1,0,0,1,4.0,3,0,0,0,0,0,6,0,0,0,15,,0.10,0.750,6.8,0.0,0.0,13.5,
121,Roenis Elias,eliasro01,30,SEA,AL,1,0,1.000,2.84,11,0,5,0,0,3,12.2,9,5,4,0,4,1,10,0,1,0,53,148,2.47,1.026,6.4,0.0,2.8,7.1,2.50
122,Chris Ellis,ellisch01,26,KCR,AL,0,0,,0.00,1,0,1,0,0,0,1.0,1,0,0,0,1,0,0,0,0,0,5,,6.10,2.000,9.0,0.0,9.0,0.0,0.00
123,Nathan Eovaldi,eovalna01,29,BOS,AL,0,0,,6.00,4,4,0,0,0,0,21.0,21,15,14,6,11,0,16,1,0,0,93,76,7.01,1.524,9.0,2.6,4.7,6.9,1.45
124,Robbie Erlin,erlinro01,28,SDP,NL,0,0,,4.32,4,0,1,0,0,0,8.1,8,5,4,0,2,0,9,0,0,0,34,101,1.66,1.200,8.6,0.0,2.2,9.7,4.50
125,Carlos Estevez,estevca01,26,COL,NL,0,0,,5.79,8,0,1,0,0,0,9.1,10,6,6,3,0,0,12,1,0,1,38,92,5.03,1.071,9.6,2.9,0.0,11.6,
126,Marco Estrada,estrama01,35,OAK,AL,0,2,.000,6.85,5,5,0,0,0,0,23.2,23,19,18,7,8,0,11,3,0,2,106,62,7.41,1.310,8.7,2.7,3.0,4.2,1.38
127,Jeurys Familia,familje01,29,NYM,NL,2,0,1.000,6.48,9,0,1,0,0,0,8.1,9,6,6,2,9,0,10,1,0,0,42,65,7.42,2.160,9.7,2.2,9.7,10.8,1.11
128,Buck Farmer,farmebu01,28,DET,AL,1,1,.500,1.69,7,0,1,0,0,0,5.1,3,1,1,0,2,1,7,0,0,0,20,284,1.60,0.938,5.1,0.0,3.4,11.8,3.50
129,Caleb Ferguson,ferguca01,22,LAD,NL,0,1,.000,0.87,9,1,0,0,0,0,10.1,10,1,1,1,3,0,12,1,0,0,44,497,3.20,1.258,8.7,0.9,2.6,10.5,4.00
130,Matt Festa,festama01,26,SEA,AL,0,0,,6.43,6,0,0,0,0,0,7.0,8,5,5,1,5,0,4,0,0,0,33,67,5.96,1.857,10.3,1.3,6.4,5.1,0.80
131,Mike Fiers,fiersmi01,34,OAK,AL,2,1,.667,7.06,5,5,0,0,0,0,21.2,24,17,17,4,10,0,16,2,0,3,99,60,5.69,1.569,10.0,1.7,4.2,6.6,1.60
132,Heath Fillmyer,fillmhe01,25,KCR,AL,0,0,,9.00,2,2,0,0,0,0,8.0,11,8,8,0,3,0,4,2,0,1,40,51,3.98,1.750,12.4,0.0,3.4,4.5,1.33
133,Jack Flaherty,flaheja01,23,STL,NL,1,1,.500,5.00,4,4,0,0,0,0,18.0,25,10,10,4,4,0,22,1,0,2,82,85,4.38,1.611,12.5,2.0,2.0,11.0,5.50
134,Dylan Floro,florody01,28,LAD,NL,1,0,1.000,0.00,8,0,1,0,0,0,9.1,8,0,0,0,0,0,5,0,0,0,36,,2.03,0.857,7.7,0.0,0.0,4.8,
135,Wilmer Font,fontwi01,29,TBR,AL,0,0,,7.27,6,0,2,0,0,0,8.2,8,7,7,2,4,0,11,0,0,1,37,60,4.95,1.385,8.3,2.1,4.2,11.4,2.75
136,Caleb Frare,frareca01,25,CHW,AL,0,0,,6.75,4,0,1,0,0,0,2.2,2,2,2,1,3,0,3,0,0,2,13,72,9.10,1.875,6.8,3.4,10.1,10.1,1.00
137,Kyle Freeland,freelky01,26,COL,NL,2,3,.400,4.23,5,5,0,0,0,0,27.2,23,14,13,3,10,1,30,2,0,2,119,124,3.65,1.193,7.5,1.0,3.3,9.8,3.00
138,Max Fried,friedma01,25,ATL,NL,2,0,1.000,0.92,5,3,1,0,0,0,19.2,13,3,2,0,4,0,12,1,0,0,75,484,2.65,0.864,5.9,0.0,1.8,5.5,3.00
139,Jace Fry,fryja01,25,CHW,AL,0,0,,11.12,9,0,1,0,0,0,5.2,6,8,7,1,6,0,5,0,0,1,30,41,6.81,2.118,9.5,1.6,9.5,7.9,0.83
140,Paul Fry,frypa01,26,BAL,AL,0,0,,4.00,8,0,2,0,0,1,9.0,6,4,4,1,4,0,7,0,0,1,35,112,4.33,1.111,6.0,1.0,4.0,7.0,1.75
141,Carson Fulmer,fulmeca01,25,CHW,AL,0,1,.000,6.75,2,0,1,0,0,0,4.0,4,3,3,0,2,0,4,2,0,0,20,69,4.10,1.500,9.0,0.0,4.5,9.0,2.00
142,Drew Gagnon,gagnodr01,29,NYM,NL,0,0,,8.44,1,0,0,0,0,0,5.1,7,6,5,1,1,0,5,0,0,1,25,51,4.23,1.500,11.8,1.7,1.7,8.4,5.00
143,Giovanny Gallegos,gallegi01,27,STL,NL,1,0,1.000,7.36,3,0,0,0,0,0,3.2,4,3,3,1,2,0,9,1,0,0,18,62,4.19,1.636,9.8,2.5,4.9,22.1,4.50
144,John Gant,gantjo01,26,STL,NL,3,0,1.000,0.71,10,0,2,0,0,1,12.2,3,1,1,1,7,0,10,0,0,0,43,605,4.21,0.789,2.1,0.7,5.0,7.1,1.43
145,Jarlin Garcia,garcija04,26,MIA,NL,0,0,,0.00,1,0,1,0,0,0,1.0,0,0,0,0,0,0,1,0,0,0,3,,1.10,0.000,0.0,0.0,0.0,9.0,
146,Luis Garcia,garcilu03,32,LAA,AL,0,1,.000,1.00,9,0,3,0,0,0,9.0,5,1,1,1,7,1,5,2,0,0,40,446,6.44,1.333,5.0,1.0,7.0,5.0,0.71
147,Yimi Garcia,garciyi01,28,LAD,NL,0,1,.000,8.31,10,0,4,0,0,0,8.2,8,9,8,3,5,1,10,1,0,1,41,52,7.37,1.500,8.3,3.1,5.2,10.4,2.00
148,Amir Garrett,garream01,27,CIN,NL,1,1,.500,1.04,10,0,1,0,0,0,8.2,4,1,1,1,2,1,12,1,1,1,32,453,2.87,0.692,4.2,1.0,2.1,12.5,6.00
149,Reed Garrett,garrere01,26,DET,AL,0,0,,1.69,5,0,2,0,0,0,5.1,4,2,1,0,4,0,5,0,0,0,22,284,3.48,1.500,6.8,0.0,6.8,8.4,1.25
150,Kevin Gausman,gausmke01,28,ATL,NL,1,1,.500,2.75,3,3,0,0,0,0,19.2,9,6,6,2,6,0,22,0,0,0,71,161,3.10,0.763,4.1,0.9,2.7,10.1,3.67
151,Sam Gaviglio,gavigsa01,29,TOR,AL,1,0,1.000,1.64,6,0,2,0,0,0,11.0,7,3,2,1,2,0,11,1,0,0,42,268,3.10,0.818,5.7,0.8,1.6,9.0,5.50
152,Cory Gearrin,gearrco01,33,SEA,AL,0,1,.000,5.40,10,0,2,0,0,0,8.1,4,5,5,0,8,0,9,2,0,0,38,79,4.54,1.440,4.3,0.0,8.6,9.7,1.13
153,Domingo German,germado01,26,NYY,AL,3,1,.750,2.37,4,3,0,0,0,0,19.0,9,6,5,2,7,0,23,0,0,1,74,188,3.16,0.842,4.3,0.9,3.3,10.9,3.29
154,Kyle Gibson,gibsoky01,31,MIN,AL,0,0,,7.36,3,3,0,0,0,0,14.2,18,13,12,3,8,0,12,0,0,0,69,61,5.76,1.773,11.0,1.8,4.9,7.4,1.50
155,Ken Giles,gileske01,28,TOR,AL,0,1,.000,3.00,10,0,8,0,0,6,9.0,9,3,3,1,5,1,14,0,0,1,40,147,3.10,1.556,9.0,1.0,5.0,14.0,2.80
156,Lucas Giolito,giolilu01,24,CHW,AL,2,1,.667,5.30,4,4,0,0,0,0,18.2,15,13,11,2,10,0,23,1,0,0,80,82,3.80,1.339,7.2,1.0,4.8,11.1,2.30
157,Mychal Givens,givenmy01,29,BAL,AL,0,0,,5.00,7,0,2,0,0,0,9.0,8,5,5,2,3,0,14,1,0,2,38,89,4.22,1.222,8.0,2.0,3.0,14.0,4.67
158,Tyler Glasnow,glasnty01,25,TBR,AL,4,0,1.000,1.13,4,4,0,0,0,0,24.0,18,3,3,1,3,0,24,0,0,0,91,376,2.02,0.875,6.8,0.4,1.1,9.0,8.00
159,Zack Godley,godleza01,29,ARI,NL,1,1,.500,6.26,4,4,0,0,0,0,23.0,22,17,16,4,10,1,20,2,0,3,102,75,5.19,1.391,8.6,1.6,3.9,7.8,2.00
160,Jeanmar Gomez,gomezje01,31,TEX,AL,0,0,,3.18,6,0,2,0,0,0,5.2,7,2,2,1,2,0,5,0,0,1,23,163,4.69,1.588,11.1,1.6,3.2,7.9,2.50
161,Marco Gonzales,gonzama02,27,SEA,AL,4,0,1.000,3.19,5,5,0,0,0,0,31.0,31,14,11,2,7,0,19,0,1,0,130,129,3.39,1.226,9.0,0.6,2.0,5.5,2.71
162,Trevor Gott,gotttr01,26,SFG,NL,1,0,1.000,2.45,9,0,0,0,0,0,11.0,7,3,3,0,3,0,11,1,0,0,43,176,2.19,0.909,5.7,0.0,2.5,9.0,3.67
163,Matt Grace,gracema02,30,WSN,NL,0,1,.000,8.10,10,0,0,0,0,0,6.2,11,7,6,1,1,0,7,0,0,0,33,59,3.40,1.800,14.9,1.4,1.4,9.5,7.00
164,Jon Gray,grayjo02,27,COL,NL,1,3,.250,3.42,4,4,0,0,0,0,26.1,21,10,10,4,9,0,25,2,0,0,103,153,4.43,1.139,7.2,1.4,3.1,8.5,2.78
165,Sonny Gray,grayso01,29,CIN,NL,0,3,.000,2.79,4,4,0,0,0,0,19.1,12,7,6,1,6,1,22,1,0,1,76,165,2.59,0.931,5.6,0.5,2.8,10.2,3.67
166,Chad Green,greench03,28,NYY,AL,0,2,.000,8.59,8,0,2,0,0,0,7.1,10,7,7,3,2,0,7,1,0,0,35,53,7.74,1.636,12.3,3.7,2.5,8.6,3.50
167,Shane Greene,greensh02,30,DET,AL,0,1,.000,1.64,11,0,10,0,0,9,11.0,4,2,2,1,3,0,10,1,0,0,41,284,3.56,0.636,3.3,0.8,2.5,8.2,3.33
168,Zack Greinke,greinza01,35,ARI,NL,2,1,.667,5.79,4,4,0,0,0,0,23.1,24,16,15,8,4,0,28,0,0,0,97,81,5.68,1.200,9.3,3.1,1.5,10.8,7.00
169,Robert Gsellman,gsellro01,25,NYM,NL,0,0,,3.48,9,0,1,0,0,0,10.1,14,7,4,2,2,0,13,1,0,0,48,119,3.97,1.548,12.2,1.7,1.7,11.3,6.50
170,Reymin Guduan,guduare01,27,HOU,AL,0,0,,27.00,1,0,0,0,0,0,0.1,2,1,1,0,1,0,0,0,0,0,4,33,12.10,9.000,54.0,0.0,27.0,0.0,0.00
171,Javy Guerra,guerrja01,33,TOR,AL,0,0,,5.40,9,0,5,0,0,0,10.0,9,6,6,1,4,1,12,1,0,0,43,82,3.50,1.300,8.1,0.9,3.6,10.8,3.00
172,Junior Guerra,guerrju02,34,MIL,NL,1,0,1.000,1.54,8,0,1,0,0,1,11.2,5,2,2,2,4,0,5,0,0,0,44,302,5.50,0.771,3.9,1.5,3.1,3.9,1.25
173,Tayron Guerrero,guerrta01,28,MIA,NL,0,0,,0.00,9,0,2,0,0,0,8.2,3,0,0,0,5,0,10,1,0,2,34,,2.87,0.923,3.1,0.0,5.2,10.4,2.00
174,Josh Hader,haderjo01,25,MIL,NL,0,0,,0.90,7,0,6,0,0,5,10.0,4,1,1,1,2,0,18,0,0,0,36,520,1.40,0.600,3.6,0.9,1.8,16.2,9.00
175,Cole Hamels,hamelco01,35,CHC,NL,3,0,1.000,2.77,4,4,0,0,0,0,26.0,19,8,8,3,3,0,23,0,0,0,101,166,3.18,0.846,6.6,1.0,1.0,8.0,7.67
176,Brad Hand,handbr01,29,CLE,AL,0,1,.000,2.08,9,0,9,0,0,6,8.2,7,2,2,0,3,1,12,1,0,0,36,224,1.72,1.154,7.3,0.0,3.1,12.5,4.00
177,J.A. Happ,happja01,36,NYY,AL,0,2,.000,7.23,4,4,0,0,0,0,18.2,25,15,15,6,6,0,17,0,0,0,85,62,6.43,1.661,12.1,2.9,2.9,8.2,2.83
178,Blaine Hardy,hardybl01,32,DET,AL,1,0,1.000,4.22,7,0,0,0,0,0,10.2,5,5,5,2,2,0,8,0,0,0,39,110,4.60,0.656,4.2,1.7,1.7,6.8,4.00
179,Ryne Harper,harpery01,30,MIN,AL,0,0,,0.00,7,0,2,0,0,0,8.1,5,0,0,0,2,0,7,0,0,1,31,,2.14,0.840,5.4,0.0,2.2,7.6,3.50
180,Will Harris,harriwi10,34,HOU,AL,0,0,,0.00,6,0,0,0,0,0,5.1,4,0,0,0,1,0,4,0,0,0,20,,2.17,0.938,6.8,0.0,1.7,6.8,4.00
181,Joe Harvey,harvejo01,27,NYY,AL,0,0,,1.80,4,0,2,0,0,0,5.0,3,1,1,0,2,0,6,0,0,0,19,260,1.90,1.000,5.4,0.0,3.6,10.8,3.00
182,Matt Harvey,harvema01,30,LAA,AL,0,2,.000,9.64,4,4,0,0,0,0,18.2,26,21,20,4,8,0,14,2,0,0,89,45,6.00,1.821,12.5,1.9,3.9,6.8,1.75
183,Jeremy Hellickson,hellije01,32,WSN,NL,2,0,1.000,2.63,3,2,1,0,0,0,13.2,11,4,4,1,8,1,6,0,0,1,58,176,4.93,1.390,7.2,0.7,5.3,4.0,0.75
184,Ryan Helsley,helslry01,24,STL,NL,0,0,,3.86,1,0,0,0,0,0,2.1,1,1,1,1,0,0,4,0,0,0,8,125,5.25,0.429,3.9,3.9,0.0,15.4,
185,Heath Hembree,hembrhe01,30,BOS,AL,0,0,,4.50,9,0,3,0,0,0,10.0,10,6,5,2,4,0,10,0,0,0,45,103,4.90,1.400,9.0,1.8,3.6,9.0,2.50
186,Kyle Hendricks,hendrky01,29,CHC,NL,0,3,.000,5.40,3,3,0,0,0,0,13.1,24,14,8,3,5,1,10,0,0,0,68,86,5.65,2.175,16.2,2.0,3.4,6.8,2.00
187,Liam Hendriks,hendrli01,30,OAK,AL,0,0,,1.69,9,0,2,0,0,0,10.2,6,2,2,1,7,0,8,1,0,0,43,255,5.07,1.219,5.1,0.8,5.9,6.8,1.14
188,David Hernandez,hernada01,34,CIN,NL,0,1,.000,3.86,8,0,1,0,0,1,7.0,11,3,3,0,4,2,4,0,0,0,36,123,3.68,2.143,14.1,0.0,5.1,5.1,1.00
189,Felix Hernandez,hernafe02,33,SEA,AL,1,1,.500,4.91,4,4,0,0,0,0,18.1,25,12,10,2,2,0,13,3,0,2,83,85,3.92,1.473,12.3,1.0,1.0,6.4,6.50
190,Kelvin Herrera,herreke01,29,CHW,AL,0,0,,1.86,10,0,0,0,0,0,9.2,7,2,2,0,1,1,8,0,0,0,38,239,1.76,0.828,6.5,0.0,0.9,7.4,8.00
191,David Hess,hessda01,25,BAL,AL,1,3,.250,5.57,5,4,0,0,0,0,21.0,20,13,13,7,5,0,15,0,0,1,85,78,6.72,1.190,8.6,3.0,2.1,6.4,3.00
192,Jordan Hicks,hicksjo03,22,STL,NL,1,1,.500,2.25,7,0,6,0,0,4,8.0,4,2,2,0,4,0,9,1,0,0,30,194,2.73,1.000,4.5,0.0,4.5,10.1,2.25
193,Trevor Hildenberger,hildetr01,28,MIN,AL,2,0,1.000,0.00,9,0,1,0,0,1,5.2,5,0,0,0,1,0,9,1,0,0,23,,0.99,1.059,7.9,0.0,1.6,14.3,9.00
194,Tim Hill,hillti01,29,KCR,AL,0,0,,9.00,5,0,0,0,0,0,2.0,3,2,2,0,3,0,0,2,0,0,13,58,10.60,3.000,13.5,0.0,13.5,0.0,0.00
195,Yoshihisa Hirano,hiranyo01,35,ARI,NL,1,1,.500,5.63,10,0,3,0,0,1,8.0,12,7,5,0,4,0,12,0,0,0,39,85,1.60,2.000,13.5,0.0,4.5,13.5,3.00
196,Jonathan Holder,holdejo02,26,NYY,AL,0,0,,7.00,6,0,1,0,0,0,9.0,12,8,7,1,1,0,10,1,0,0,42,65,2.99,1.444,12.0,1.0,1.0,10.0,10.00
197,Derek Holland,hollade01,32,SFG,NL,1,2,.333,4.09,4,4,0,0,0,0,22.0,16,10,10,4,12,0,27,1,0,0,91,104,4.79,1.273,6.5,1.6,4.9,11.0,2.25
198,Greg Holland,hollagr01,33,ARI,NL,1,0,1.000,0.00,7,0,7,0,0,4,7.0,2,0,0,0,2,0,12,0,0,0,25,,0.53,0.571,2.6,0.0,2.6,15.4,6.00
199,Dakota Hudson,hudsoda02,24,STL,NL,0,1,.000,6.08,4,3,1,0,0,1,13.1,21,10,9,5,10,2,13,0,0,2,70,71,8.28,2.325,14.2,3.4,6.8,8.8,1.30
200,Daniel Hudson,hudsoda01,32,TOR,AL,0,1,.000,5.63,9,0,1,0,0,0,8.0,6,5,5,2,3,0,8,1,0,0,34,79,5.85,1.125,6.8,2.3,3.4,9.0,2.67
201,Jared Hughes,hugheja02,33,CIN,NL,1,0,1.000,7.04,9,0,4,0,0,0,7.2,9,6,6,1,4,0,7,0,0,0,34,67,4.54,1.696,10.6,1.2,4.7,8.2,1.75
202,Raisel Iglesias,iglesra01,29,CIN,NL,0,3,.000,5.87,7,0,6,0,0,3,7.2,8,5,5,2,5,1,11,0,0,0,35,81,5.58,1.696,9.4,2.3,5.9,12.9,2.20
203,Luke Jackson,jackslu01,27,ATL,NL,1,0,1.000,3.86,9,0,3,0,0,0,9.1,11,4,4,1,5,2,14,0,0,0,43,117,3.10,1.714,10.6,1.0,4.8,13.5,2.80
204,Josh James,jamesjo02,26,HOU,AL,0,0,,6.30,7,0,3,0,0,0,10.0,6,7,7,3,7,0,14,1,0,1,43,69,6.60,1.300,5.4,2.7,6.3,12.6,2.00
205,Kenley Jansen,janseke01,31,LAD,NL,1,0,1.000,2.89,9,0,8,0,0,6,9.1,7,5,3,1,2,0,12,0,1,0,38,150,2.57,0.964,6.8,1.0,1.9,11.6,6.00
206,Jeremy Jeffress,jeffrje01,31,MIL,NL,0,0,,0.00,2,0,0,0,0,0,1.2,0,0,0,0,1,0,1,0,0,0,4,,3.70,0.600,0.0,0.0,5.4,5.4,1.00
207,Jake Jewell,jewelja01,26,LAA,AL,0,0,,13.50,4,0,1,0,0,0,4.2,7,7,7,3,3,0,5,1,0,0,25,34,11.89,2.143,13.5,5.8,5.8,9.6,1.67
208,Joe Jimenez,jimenjo02,24,DET,AL,1,0,1.000,5.40,8,0,0,0,0,0,6.2,7,4,4,1,6,0,7,2,0,0,32,88,6.55,1.950,9.5,1.4,8.1,9.5,1.17
209,Brian Johnson,johnsbr02,28,BOS,AL,1,0,1.000,12.71,4,0,1,0,0,0,5.2,10,8,8,3,3,1,7,0,0,0,30,37,9.10,2.294,15.9,4.8,4.8,11.1,2.33
210,DJ Johnson,johnsdj01,29,COL,NL,0,1,.000,7.04,9,0,1,0,0,0,7.2,8,6,6,0,8,2,6,0,0,1,39,76,4.67,2.087,9.4,0.0,9.4,7.0,0.75
211,Nate Jones,jonesna01,33,CHW,AL,0,1,.000,4.70,10,0,4,0,0,1,7.2,8,4,4,2,5,1,8,1,0,2,35,96,6.76,1.696,9.4,2.3,5.9,9.4,1.60
212,Jakob Junis,junisja01,26,KCR,AL,1,1,.500,6.14,4,4,0,0,0,0,22.0,28,15,15,3,6,0,24,0,0,0,98,73,3.51,1.545,11.5,1.2,2.5,9.8,4.00
213,Tommy Kahnle,kahnlto01,29,NYY,AL,1,0,1.000,3.38,6,0,2,0,0,0,5.1,4,2,2,1,4,0,7,0,0,0,24,138,5.17,1.500,6.8,1.7,6.8,11.8,1.75
214,Nate Karns,karnsna01,31,BAL,AL,0,1,.000,0.00,4,2,1,0,0,0,5.1,7,1,0,0,3,0,5,1,0,1,25,,3.48,1.875,11.8,0.0,5.1,8.4,1.67
215,Keone Kela,kelake01,26,PIT,NL,1,0,1.000,8.10,8,0,1,0,0,0,6.2,8,6,6,3,3,0,8,0,0,1,31,55,7.90,1.650,10.8,4.1,4.1,10.8,2.67
216,Brad Keller,kellebr01,23,KCR,AL,2,1,.667,2.64,5,5,0,0,0,0,30.2,19,9,9,2,17,2,26,3,0,1,129,169,4.21,1.174,5.6,0.6,5.0,7.6,1.53
217,Shawn Kelley,kellesh01,35,TEX,AL,2,0,1.000,2.25,8,0,0,0,0,0,8.0,7,2,2,2,0,0,8,0,0,0,29,226,4.35,0.875,7.9,2.3,0.0,9.0,
218,Joe Kelly,kellyjo05,31,LAD,NL,1,2,.333,10.00,8,0,0,0,0,0,9.0,16,10,10,2,2,1,6,0,0,2,43,44,5.33,2.000,16.0,2.0,2.0,6.0,3.00
219,Merrill Kelly,kellyme01,30,ARI,NL,1,1,.500,3.79,3,3,0,0,0,0,19.0,17,8,8,3,3,0,17,0,0,0,75,124,3.84,1.053,8.1,1.4,1.4,8.1,5.67
220,Ian Kennedy,kenneia01,34,KCR,AL,0,0,,0.84,9,0,4,0,0,1,10.2,8,1,1,0,2,0,13,0,0,2,42,541,1.23,0.938,6.8,0.0,1.7,11.0,6.50
221,Clayton Kershaw,kershcl01,31,LAD,NL,0,0,,2.57,1,1,0,0,0,0,7.0,5,2,2,1,0,0,6,0,0,0,24,171,3.25,0.714,6.4,1.3,0.0,7.7,
222,Yusei Kikuchi,kikucyu01,28,SEA,AL,0,1,.000,4.23,5,5,0,0,0,0,27.2,25,17,13,5,6,0,20,0,0,1,112,98,4.66,1.120,8.1,1.6,2.0,6.5,3.33
223,Nick Kingham,kinghni01,27,PIT,NL,1,0,1.000,3.38,4,0,2,0,0,1,5.1,4,2,2,1,1,0,6,0,0,0,20,134,3.85,0.938,6.8,1.7,1.7,10.1,6.00
224,Tyler Kinley,kinlety01,28,MIA,NL,0,0,,0.79,9,0,2,0,0,0,11.1,6,1,1,1,6,0,11,1,0,1,44,516,4.16,1.059,4.8,0.8,4.8,8.7,1.83
225,Brandon Kintzler,kintzbr01,34,CHC,NL,0,0,,3.12,8,0,2,0,0,0,8.2,5,3,3,1,1,0,9,1,0,0,31,151,3.22,0.692,5.2,1.0,1.0,9.3,9.00
226,Corey Kluber,klubeco01,33,CLE,AL,1,2,.333,6.16,4,4,0,0,0,0,19.0,25,16,13,2,10,0,21,1,0,0,93,74,4.00,1.842,11.8,0.9,4.7,9.9,2.10
227,Matt Koch,kochma01,28,ARI,NL,0,0,,15.00,5,0,2,0,0,0,9.0,16,15,15,6,2,0,3,2,0,0,45,32,12.44,2.000,16.0,6.0,2.0,3.0,1.50
228,Adam Kolarek,kolarad01,30,TBR,AL,1,0,1.000,1.17,10,0,2,0,0,0,7.2,10,1,1,0,2,1,5,1,0,0,36,372,2.97,1.565,11.7,0.0,2.3,5.9,2.50
229,Eric Lauer,lauerer01,24,SDP,NL,2,2,.500,4.91,4,4,0,0,0,0,22.0,25,12,12,4,5,1,18,0,1,1,92,87,4.51,1.364,10.2,1.6,2.0,7.4,3.60
230,Mike Leake,leakemi01,31,SEA,AL,2,1,.667,3.86,4,4,0,0,0,0,23.1,29,10,10,5,4,0,21,1,0,2,102,107,4.73,1.414,11.2,1.9,1.5,8.1,5.25
231,Wade LeBlanc,leblawa01,34,SEA,AL,2,0,1.000,4.50,3,3,0,0,0,0,16.0,21,10,8,2,5,0,12,0,0,0,76,93,4.17,1.625,11.8,1.1,2.8,6.8,2.40
232,Jose Leclerc,leclejo01,25,TEX,AL,1,1,.500,6.14,9,0,8,0,0,5,7.1,7,5,5,1,3,0,8,3,0,1,34,83,5.15,1.364,8.6,1.2,3.7,9.8,2.67
233,Dominic Leone,leonedo01,27,STL,NL,0,0,,1.93,9,0,3,0,0,0,9.1,3,2,2,1,5,0,11,0,0,0,36,225,3.75,0.857,2.9,1.0,4.8,10.6,2.20
234,Jon Lester,lestejo01,35,CHC,NL,1,0,1.000,2.57,3,3,0,0,0,0,14.0,13,4,4,3,6,0,14,0,0,0,59,180,5.18,1.357,8.4,1.9,3.9,9.0,2.33
235,Francisco Liriano,liriafr01,35,PIT,NL,1,0,1.000,0.00,5,0,2,0,0,0,4.2,1,0,0,0,3,0,6,0,0,1,19,,2.46,0.857,1.9,0.0,5.8,11.6,2.00
236,Jonathan Loaisiga,loaisjo01,24,NYY,AL,0,0,,3.86,2,2,0,0,0,0,7.0,5,3,3,1,5,0,9,0,0,1,31,119,4.53,1.429,6.4,1.3,6.4,11.6,1.80
237,Jorge Lopez,lopezjo02,26,KCR,AL,0,2,.000,4.30,4,4,0,0,0,0,23.0,22,12,11,6,8,0,23,0,0,1,97,104,5.54,1.304,8.6,2.3,3.1,9.0,2.88
238,Pablo Lopez,lopezpa01,23,MIA,NL,1,3,.250,5.85,4,4,0,0,0,0,20.0,24,13,13,2,3,1,23,2,1,0,87,69,2.85,1.350,10.8,0.9,1.4,10.4,7.67
239,Reynaldo Lopez,lopezre01,25,CHW,AL,1,2,.333,8.84,4,4,0,0,0,0,19.1,27,19,19,7,14,0,17,1,0,0,97,49,8.38,2.121,12.6,3.3,6.5,7.9,1.21
240,Yoan Lopez,lopezyo01,26,ARI,NL,0,0,,1.23,10,0,1,0,0,0,7.1,4,1,1,1,4,0,5,0,0,0,29,393,5.15,1.091,4.9,1.2,4.9,6.1,1.25
241,Michael Lorenzen,lorenmi01,27,CIN,NL,0,0,,2.16,7,0,2,0,0,0,8.1,9,2,2,1,5,0,8,0,0,0,38,218,4.54,1.680,9.7,1.1,5.4,8.6,1.60
242,Aaron Loup,loupaa01,31,SDP,NL,0,0,,0.00,4,0,1,0,0,0,3.1,2,0,0,0,1,0,5,1,0,0,14,,1.90,0.900,5.4,0.0,2.7,13.5,5.00
243,Richard Lovelady,lovelri01,23,KCR,AL,0,0,,8.10,4,0,0,0,0,0,3.1,3,3,3,0,2,1,4,0,0,0,14,60,2.50,1.500,8.1,0.0,5.4,10.8,2.00
244,Josh Lucas,lucasjo02,28,BAL,AL,0,0,,4.15,3,0,0,0,0,0,4.1,4,3,2,1,1,0,4,0,0,0,18,112,4.95,1.154,8.3,2.1,2.1,8.3,4.00
245,Joey Lucchesi,lucchjo01,26,SDP,NL,2,2,.500,5.06,4,4,0,0,0,0,21.1,21,12,12,2,7,0,21,0,0,0,91,84,3.34,1.313,8.9,0.8,3.0,8.9,3.00
246,Elvis Luciano,luciael01,19,TOR,AL,0,0,,5.40,5,0,1,0,0,0,6.2,7,4,4,1,6,1,7,1,0,2,32,83,6.10,1.950,9.5,1.4,8.1,9.5,1.17
247,Seth Lugo,lugose01,29,NYM,NL,0,0,,5.06,8,0,2,0,0,0,10.2,11,10,6,1,4,0,13,2,0,0,50,82,3.57,1.406,9.3,0.8,3.4,11.0,3.25
248,Jordan Lyles,lylesjo01,28,PIT,NL,1,0,1.000,0.82,2,2,0,0,0,0,11.0,6,1,1,1,4,1,12,0,0,0,42,533,3.19,0.909,4.9,0.8,3.3,9.8,3.00
249,Lance Lynn,lynnla01,32,TEX,AL,2,1,.667,4.44,4,4,0,0,0,0,24.1,26,12,12,2,6,0,21,1,0,1,105,112,3.31,1.315,9.6,0.7,2.2,7.8,3.50
250,Kenta Maeda,maedake01,31,LAD,NL,3,1,.750,3.80,4,4,0,0,0,0,23.2,20,10,10,4,10,0,20,0,0,0,97,112,4.88,1.268,7.6,1.5,3.8,7.6,2.00
251,Tyler Mahle,mahlety01,24,CIN,NL,0,1,.000,2.65,3,3,0,0,0,0,17.0,18,5,5,2,4,0,15,0,1,0,69,175,3.57,1.294,9.5,1.1,2.1,7.9,3.75
252,Nick Margevicius,margeni01,23,SDP,NL,1,2,.333,3.60,4,4,0,0,0,0,20.0,16,8,8,3,2,0,19,2,0,0,79,118,3.75,0.900,7.2,1.4,0.9,8.6,9.50
253,German Marquez,marquge01,24,COL,NL,2,1,.667,2.00,4,4,0,1,1,0,27.0,13,6,6,3,6,0,25,2,0,3,100,262,3.59,0.704,4.3,1.0,2.0,8.3,4.17
254,Chris Martin,martich02,33,TEX,AL,0,1,.000,6.00,6,0,1,0,0,0,6.0,8,4,4,3,1,0,6,0,0,0,25,86,8.10,1.500,12.0,4.5,1.5,9.0,6.00
255,Russell Martin,martiru01,36,LAD,NL,0,0,,0.00,1,0,1,0,0,0,1.0,0,0,0,0,0,0,0,0,0,0,3,,3.10,0.000,0.0,0.0,0.0,0.0,
256,Phil Maton,matonph01,26,SDP,NL,0,0,,5.14,5,0,3,0,0,0,7.0,7,4,4,3,1,0,5,0,0,0,29,86,7.68,1.143,9.0,3.9,1.3,6.4,5.00
257,Steven Matz,matzst01,28,NYM,NL,1,1,.500,4.96,4,4,0,0,0,0,16.1,16,13,9,4,6,0,19,1,0,1,73,83,5.25,1.347,8.8,2.2,3.3,10.5,3.17
258,Trevor May,maytr01,29,MIN,AL,1,1,.500,4.50,9,0,3,0,0,0,8.0,7,4,4,0,4,0,6,0,0,0,34,103,3.10,1.375,7.9,0.0,4.5,6.8,1.50
259,Mike Mayers,mayermi01,27,STL,NL,0,1,.000,5.40,8,0,2,0,0,0,8.1,10,5,5,2,5,1,8,1,0,1,41,81,6.46,1.800,10.8,2.2,5.4,8.6,1.60
260,Tim Mayza,mayzati01,27,TOR,AL,0,0,,7.88,12,0,0,0,0,0,8.0,7,8,7,2,6,1,11,0,0,0,39,56,5.85,1.625,7.9,2.3,6.8,12.4,1.83
261,Kevin McCarthy,mccarke01,27,KCR,AL,0,1,.000,19.64,6,0,0,0,0,0,3.2,10,8,8,1,4,0,0,1,0,0,24,25,10.74,3.818,24.5,2.5,9.8,0.0,0.00
262,Jake McGee,mcgeeja01,32,COL,NL,0,0,,0.00,2,0,0,0,0,0,2.1,2,0,0,0,0,0,3,0,0,0,9,,0.53,0.857,7.7,0.0,0.0,11.6,
263,Collin McHugh,mchugco01,32,HOU,AL,3,1,.750,1.96,4,4,0,0,0,0,23.0,12,5,5,1,7,0,27,0,0,0,86,218,2.23,0.826,4.7,0.4,2.7,10.6,3.86
264,John Means,meansjo01,26,BAL,AL,2,2,.500,1.72,6,2,1,0,0,0,15.2,13,7,3,2,5,0,17,2,0,0,66,255,3.93,1.149,7.5,1.1,2.9,9.8,3.40
265,Adalberto Mejia,mejiaad01,26,MIN,AL,0,1,.000,8.00,7,0,1,0,0,0,9.0,9,8,8,2,5,0,8,0,0,0,39,57,5.88,1.556,9.0,2.0,5.0,8.0,1.60
266,Mark Melancon,melanma01,34,SFG,NL,0,0,,0.00,9,0,5,0,0,0,10.0,7,0,0,0,3,0,7,0,0,1,37,,2.60,1.000,6.3,0.0,2.7,6.3,2.33
267,Miles Mikolas,mikolmi01,30,STL,NL,1,1,.500,6.00,4,4,0,0,0,0,21.0,24,15,14,5,5,0,11,3,0,0,93,71,6.29,1.381,10.3,2.1,2.1,4.7,2.20
268,Wade Miley,mileywa01,32,HOU,AL,1,2,.333,3.32,4,4,0,0,0,0,21.2,22,8,8,2,4,0,11,1,0,2,91,129,3.98,1.200,9.1,0.8,1.7,4.6,2.75
269,Andrew Miller,millean01,34,STL,NL,0,1,.000,6.75,10,0,1,0,0,0,6.2,9,7,5,3,5,0,8,2,0,0,35,65,9.70,2.100,12.2,4.1,6.8,10.8,1.60
270,Justin Miller,milleju02,32,WSN,NL,0,0,,5.68,7,0,2,0,0,0,6.1,9,4,4,4,2,0,6,0,0,0,28,84,10.37,1.737,12.8,5.7,2.8,8.5,3.00
271,Shelby Miller,millesh01,28,TEX,AL,0,1,.000,9.00,3,3,0,0,0,0,10.0,16,10,10,1,11,1,3,2,0,0,59,56,7.70,2.700,14.4,0.9,9.9,2.7,0.27
272,Mike Minor,minormi01,31,TEX,AL,2,1,.667,2.60,4,4,0,1,1,0,27.2,18,8,8,3,8,0,22,1,0,0,105,190,3.90,0.940,5.9,1.0,2.6,7.2,2.75
273,A.J. Minter,minteaj01,25,ATL,NL,0,2,.000,7.94,7,0,4,0,0,1,5.2,8,5,5,2,4,0,5,0,0,0,29,58,8.05,2.118,12.7,3.2,6.4,7.9,1.25
274,Frankie Montas,montafr02,26,OAK,AL,3,1,.750,2.70,4,4,0,0,0,0,23.1,16,7,7,4,6,0,20,2,0,0,92,157,4.65,0.943,6.2,1.5,2.3,7.7,3.33
275,Mike Montgomery,montgmi01,29,CHC,NL,0,0,,16.88,4,0,3,0,0,0,2.2,8,6,5,2,1,0,2,0,0,0,17,30,12.48,3.375,27.0,6.8,3.4,6.8,2.00
276,Matt Moore,moorema02,30,DET,AL,0,0,,0.00,2,2,0,0,0,0,10.0,3,0,0,0,1,0,9,0,0,0,33,,1.60,0.400,2.7,0.0,0.9,8.1,9.00
277,Adam Morgan,morgaad01,29,PHI,NL,1,0,1.000,0.00,9,0,0,0,0,0,7.2,3,0,0,0,0,0,7,1,0,0,26,,1.67,0.391,3.5,0.0,0.0,8.2,
278,Reyes Moronta,moronre01,26,SFG,NL,0,2,.000,3.12,8,0,0,0,0,0,8.2,5,3,3,1,3,0,15,0,0,0,35,140,2.18,0.923,5.2,1.0,3.1,15.6,5.00
279,Charlie Morton,mortoch02,35,TBR,AL,2,0,1.000,2.18,4,4,0,0,0,0,20.2,14,5,5,1,10,0,25,2,0,1,84,195,3.06,1.161,6.1,0.4,4.4,10.9,2.50
280,John Ryan Murphy,murphjr01,28,ARI,NL,0,0,,31.50,1,0,1,0,0,0,2.0,8,7,7,2,3,0,0,0,0,0,17,17,20.60,5.500,36.0,9.0,13.5,0.0,0.00
281,Harrison Musgrave,musgrha01,27,COL,NL,0,0,,2.84,6,0,2,0,0,0,6.1,2,2,2,0,3,0,9,0,0,1,25,191,1.68,0.789,2.8,0.0,4.3,12.8,3.00
282,Joe Musgrove,musgrjo01,26,PIT,NL,1,1,.500,0.81,4,3,0,0,0,0,22.1,13,4,2,0,4,0,21,1,0,0,82,533,1.90,0.761,5.2,0.0,1.6,8.5,5.25
283,Hector Neris,nerishe01,30,PHI,NL,0,0,,2.57,8,0,3,0,0,2,7.0,4,2,2,1,2,0,10,1,0,0,28,183,3.39,0.857,5.1,1.3,2.6,12.9,5.00
284,Pat Neshek,neshepa01,38,PHI,NL,0,1,.000,1.17,8,0,3,0,0,1,7.2,7,2,1,1,1,0,5,0,0,0,31,399,3.89,1.043,8.2,1.2,1.2,5.9,5.00
285,Jake Newberry,newbeja01,24,KCR,AL,0,0,,6.00,3,0,1,0,0,0,3.0,3,2,2,1,1,0,6,0,0,0,12,82,4.44,1.333,9.0,3.0,3.0,18.0,6.00
286,Sean Newcomb,newcose01,26,ATL,NL,0,0,,4.38,3,3,0,0,0,0,12.1,15,6,6,0,8,0,5,0,0,1,58,102,4.24,1.865,10.9,0.0,5.8,3.6,0.63
287,Juan Nicasio,nicasju01,32,PHI,NL,0,0,,6.00,6,0,1,0,0,0,9.0,13,6,6,0,3,0,7,0,1,0,41,78,2.55,1.778,13.0,0.0,3.0,7.0,2.33
288,Aaron Nola,nolaaa01,26,PHI,NL,1,0,1.000,7.45,4,4,0,0,0,0,19.1,21,17,16,5,11,0,19,0,0,0,87,61,6.21,1.655,9.8,2.3,5.1,8.8,1.73
289,Daniel Norris,norrida01,26,DET,AL,0,0,,4.32,3,0,0,0,0,0,8.1,11,4,4,3,3,0,4,0,0,1,38,109,7.90,1.680,11.9,3.2,3.2,4.3,1.33
290,Ivan Nova,novaiv01,32,CHW,AL,0,2,.000,6.23,4,4,0,0,0,0,21.2,28,15,15,0,3,0,14,1,0,2,94,70,2.37,1.431,11.6,0.0,1.2,5.8,4.67
291,Eduardo Nunez,nunezed02,32,BOS,AL,0,0,,9.00,1,0,1,0,0,0,1.0,1,1,1,1,0,0,0,0,0,0,4,67,16.10,1.000,9.0,9.0,0.0,0.0,
292,Scott Oberg,obergsc01,29,COL,NL,0,0,,2.08,6,0,0,0,0,0,8.2,5,2,2,2,5,1,10,0,0,1,36,258,5.53,1.154,5.2,2.1,5.2,10.4,2.00
293,Jake Odorizzi,odorija01,29,MIN,AL,1,2,.333,4.76,4,4,0,0,0,0,17.0,10,10,9,1,10,0,21,0,0,0,69,95,3.16,1.176,5.3,0.5,5.3,11.1,2.10
294,Seunghwan Oh,ohse01,36,COL,NL,0,0,,6.00,7,0,2,0,0,0,6.0,9,4,4,1,2,0,6,0,0,1,28,91,4.27,1.833,13.5,1.5,3.0,9.0,3.00
295,Tyler Olson,olsonty01,29,CLE,AL,0,0,,2.84,7,0,0,0,0,0,6.1,5,2,2,0,4,0,5,0,0,0,27,166,3.42,1.421,7.1,0.0,5.7,7.1,1.25
296,Josh Osich,osichjo01,30,CHW,AL,0,0,,0.00,1,0,0,0,0,0,1.2,1,0,0,0,1,1,3,0,0,0,7,,1.30,1.200,5.4,0.0,5.4,16.2,3.00
297,Roberto Osuna,osunaro01,24,HOU,AL,1,0,1.000,1.08,9,0,9,0,0,7,8.1,2,1,1,0,0,0,9,0,0,1,27,406,0.94,0.240,2.2,0.0,0.0,9.7,
298,Corey Oswalt,oswalco01,25,NYM,NL,0,1,.000,12.27,1,0,0,0,0,0,3.2,6,5,5,1,4,0,2,0,0,0,20,36,8.83,2.727,14.7,2.5,9.8,4.9,0.50
299,Dan Otero,oteroda01,34,CLE,AL,0,0,,0.00,6,0,0,0,0,0,7.0,8,1,0,0,1,0,3,0,0,0,30,,2.68,1.286,10.3,0.0,1.3,3.9,3.00
300,Adam Ottavino,ottavad01,33,NYY,AL,1,1,.500,1.00,8,0,1,0,0,0,9.0,4,1,1,0,7,0,14,0,0,0,39,455,2.33,1.222,4.0,0.0,7.0,14.0,2.00
301,Chris Paddack,paddach01,23,SDP,NL,0,1,.000,2.25,4,4,0,0,0,0,20.0,9,6,5,2,7,0,21,0,0,0,75,189,3.35,0.800,4.1,0.9,3.2,9.5,3.00
302,Emilio Pagan,paganem01,28,TBR,AL,0,0,,3.00,2,0,1,0,0,0,3.0,0,1,1,0,1,0,2,0,0,1,10,156,2.77,0.333,0.0,0.0,3.0,6.0,2.00
303,Thomas Pannone,pannoth01,25,TOR,AL,1,2,.333,3.55,8,1,1,0,0,0,12.2,9,5,5,0,3,0,17,1,0,2,50,123,1.37,0.947,6.4,0.0,2.1,12.1,5.67
304,Blake Parker,parkebl01,34,MIN,AL,0,1,.000,1.42,8,0,6,0,0,4,6.1,2,1,1,0,5,0,6,0,0,3,26,328,3.58,1.105,2.8,0.0,7.1,8.5,1.20
305,Wes Parsons,parsowe01,26,ATL,NL,1,1,.500,2.35,9,0,0,0,0,0,7.2,4,2,2,1,2,0,9,0,0,0,28,194,3.23,0.783,4.7,1.2,2.3,10.6,4.50
306,James Paxton,paxtoja01,30,NYY,AL,2,2,.500,3.91,4,4,0,0,0,0,23.0,22,11,10,3,7,0,31,1,1,1,95,114,3.15,1.261,8.6,1.2,2.7,12.1,4.43
307,Brad Peacock,peacobr01,31,HOU,AL,2,0,1.000,3.94,4,2,1,0,0,0,16.0,10,8,7,2,3,0,15,0,0,1,61,109,3.42,0.813,5.6,1.1,1.7,8.4,5.00
308,Felix Pena,penafe01,29,LAA,AL,0,1,.000,3.65,3,3,0,0,0,0,12.1,11,6,5,2,5,0,12,3,0,0,54,121,5.21,1.297,8.0,1.5,3.6,8.8,2.40
309,Freddy Peralta,peralfr01,23,MIL,NL,1,0,1.000,7.13,4,4,0,0,0,0,17.2,20,14,14,5,7,0,22,2,0,0,83,65,5.82,1.528,10.2,2.5,3.6,11.2,3.14
310,Wandy Peralta,peralwa01,27,CIN,NL,0,0,,0.00,7,0,3,0,0,0,6.1,3,0,0,0,3,0,3,0,0,0,22,,3.58,0.947,4.3,0.0,4.3,4.3,1.00
311,Wily Peralta,peralwi01,30,KCR,AL,2,1,.667,6.00,9,0,4,0,0,1,9.0,9,6,6,1,5,0,4,0,0,0,38,77,5.33,1.556,9.0,1.0,5.0,4.0,0.80
312,Luis Perdomo,perdolu02,26,SDP,NL,0,0,,0.00,1,0,1,0,0,0,2.0,1,0,0,0,0,0,3,0,0,0,7,,0.10,0.500,4.5,0.0,0.0,13.5,
313,Martin Perez,perezma02,28,MIN,AL,1,0,1.000,5.02,4,1,0,0,0,0,14.1,18,9,8,0,11,1,17,0,0,0,70,90,3.03,2.023,11.3,0.0,6.9,10.7,1.55
314,Oliver Perez,perezol01,37,CLE,AL,0,0,,7.71,8,0,0,0,0,0,4.2,5,4,4,2,2,1,5,1,0,0,22,62,8.46,1.500,9.6,3.9,3.9,9.6,2.50
315,Dillon Peters,peterdi01,26,LAA,AL,0,0,,4.50,2,0,0,0,0,0,2.0,3,1,1,1,2,0,3,0,0,0,11,112,9.60,2.500,13.5,4.5,9.0,13.5,1.50
316,Tim Peterson,peterti01,28,NYM,NL,0,0,,4.50,4,0,1,0,0,0,4.0,4,2,2,0,6,1,2,0,0,2,21,98,6.60,2.500,9.0,0.0,13.5,4.5,0.33
317,Yusmeiro Petit,petityu01,34,OAK,AL,0,0,,2.00,9,0,3,0,0,0,9.0,5,2,2,1,1,0,2,0,0,0,32,217,4.44,0.667,5.0,1.0,1.0,2.0,2.00
318,Jake Petricka,petrija01,31,MIL,NL,0,0,,4.50,4,0,4,0,0,0,4.0,3,2,2,0,4,0,1,0,0,1,19,109,5.60,1.750,6.8,0.0,9.0,2.3,0.25
319,Evan Phillips,phillev01,24,BAL,AL,0,0,,4.26,5,0,0,0,0,0,6.1,5,3,3,0,3,0,9,1,0,2,28,106,2.16,1.263,7.1,0.0,4.3,12.8,3.00
320,Michael Pineda,pinedmi01,30,MIN,AL,2,1,.667,5.30,4,4,0,0,0,0,18.2,20,11,11,4,3,0,16,0,0,1,76,85,4.66,1.232,9.6,1.9,1.4,7.7,5.33
321,Nick Pivetta,pivetni01,26,PHI,NL,2,1,.667,8.35,4,4,0,0,0,0,18.1,31,18,17,5,8,0,16,1,0,0,93,55,6.38,2.127,15.2,2.5,3.9,7.9,2.00
322,Drew Pomeranz,pomerdr01,30,SFG,NL,0,2,.000,4.82,4,4,0,0,0,0,18.2,22,10,10,4,8,0,23,1,1,0,84,88,4.87,1.607,10.6,1.9,3.9,11.1,2.88
323,Rick Porcello,porceri01,30,BOS,AL,0,3,.000,11.12,3,3,0,0,0,0,11.1,22,19,14,3,12,0,10,0,0,1,68,41,7.96,3.000,17.5,2.4,9.5,7.9,0.83
324,Ryan Pressly,pressry01,30,HOU,AL,1,0,1.000,0.00,7,0,1,0,0,1,7.2,3,0,0,0,0,0,9,0,0,0,26,,0.76,0.391,3.5,0.0,0.0,10.6,
325,David Price,priceda01,33,BOS,AL,1,1,.500,3.79,3,3,0,0,0,0,19.0,15,8,8,3,3,0,20,0,0,0,73,120,3.53,0.947,7.1,1.4,1.4,9.5,6.67
326,Jose Quintana,quintjo01,30,CHC,NL,2,1,.667,3.43,4,3,0,0,0,0,21.0,23,10,8,3,7,0,29,0,0,2,92,134,3.20,1.429,9.9,1.3,3.0,12.4,4.14
327,Erasmo Ramirez,ramirer02,29,BOS,AL,0,0,,12.00,1,0,1,0,0,0,3.0,4,4,4,2,1,0,1,1,0,0,15,41,13.10,1.667,12.0,6.0,3.0,3.0,1.00
328,Neil Ramirez,ramirne01,30,CLE,AL,0,0,,5.19,8,0,2,0,0,0,8.2,8,6,5,3,4,0,12,0,0,0,37,89,6.22,1.385,8.3,3.1,4.2,12.5,3.00
329,Noe Ramirez,ramirno01,29,LAA,AL,0,0,,1.17,5,0,2,0,0,0,7.2,5,1,1,1,2,0,9,0,0,0,29,383,3.23,0.913,5.9,1.2,2.3,10.6,4.50
330,Edubray Ramos,ramosed02,26,PHI,NL,0,0,,9.00,4,0,0,0,0,0,4.0,6,5,4,1,3,0,4,0,0,2,19,54,6.60,2.250,13.5,2.3,6.8,9.0,1.33
331,Robbie Ray,rayro02,27,ARI,NL,0,1,.000,4.64,4,4,0,0,0,0,21.1,14,11,11,2,15,1,26,0,0,1,92,101,3.99,1.359,5.9,0.8,6.3,11.0,1.73
332,Sean Reid-Foley,reidfse01,23,TOR,AL,0,1,.000,13.50,1,1,0,0,0,0,2.0,4,5,3,1,2,0,3,1,0,2,14,37,11.10,3.000,18.0,4.5,9.0,13.5,1.50
333,Alex Reyes,reyesal02,24,STL,NL,0,1,.000,15.00,4,0,0,0,0,0,3.0,2,5,5,1,6,0,1,0,0,1,17,31,12.77,2.667,6.0,3.0,18.0,3.0,0.17
334,Gerardo Reyes,reyesge01,26,SDP,NL,1,0,1.000,36.00,2,0,0,0,0,0,1.0,3,4,4,0,1,0,2,0,0,0,7,16,2.10,4.000,27.0,0.0,9.0,18.0,2.00
335,Trevor Richards,richatr01,26,MIA,NL,0,2,.000,3.57,4,4,0,0,0,0,22.2,14,9,9,1,14,3,21,2,0,0,97,113,3.94,1.235,5.6,0.4,5.6,8.3,1.50
336,Tanner Roark,roarkta01,32,CIN,NL,1,0,1.000,3.60,4,4,0,0,0,0,20.0,23,8,8,1,8,1,20,1,0,0,87,128,3.10,1.550,10.4,0.5,3.6,9.0,2.50
337,David Robertson,roberda08,34,PHI,NL,0,1,.000,5.40,7,0,3,0,0,0,6.2,8,4,4,1,6,0,6,0,0,0,33,87,5.95,2.100,10.8,1.4,8.1,8.1,1.00
338,Hansel Robles,robleha01,28,LAA,AL,1,0,1.000,4.32,9,0,2,0,0,1,8.1,8,4,4,1,2,0,12,0,0,0,36,104,2.50,1.200,8.6,1.1,2.2,13.0,6.00
339,Fernando Rodney,rodnefe01,42,OAK,AL,0,1,.000,10.29,8,0,5,0,0,0,7.0,13,8,8,0,5,0,6,0,0,2,36,43,3.53,2.571,16.7,0.0,6.4,7.7,1.20
340,Carlos Rodon,rodonca01,26,CHW,AL,2,2,.500,3.27,4,4,0,0,0,0,22.0,16,10,8,0,9,0,29,1,0,3,96,133,1.83,1.136,6.5,0.0,3.7,11.9,3.22
341,Dereck Rodriguez,rodride01,27,SFG,NL,2,2,.500,3.63,4,4,0,0,0,0,22.1,20,9,9,3,4,0,18,1,0,0,90,117,3.91,1.075,8.1,1.2,1.6,7.3,4.50
342,Eduardo Rodriguez,rodried05,26,BOS,AL,1,2,.333,7.98,3,3,0,0,0,0,14.2,19,14,13,3,6,1,15,0,0,0,69,57,4.94,1.705,11.7,1.8,3.7,9.2,2.50
343,Jefry Rodriguez,rodrije01,25,CLE,AL,0,1,.000,3.18,1,1,0,0,0,0,5.2,5,2,2,1,0,0,3,0,0,0,22,149,4.34,0.882,7.9,1.6,0.0,4.8,
344,Richard Rodriguez,rodriri05,29,PIT,NL,0,1,.000,5.19,10,0,2,0,0,1,8.2,6,6,5,4,3,0,8,1,0,1,38,85,8.64,1.038,6.2,4.2,3.1,8.3,2.67
345,Chaz Roe,roech01,32,TBR,AL,0,2,.000,5.06,8,0,1,0,0,0,5.1,6,3,3,1,2,0,7,0,0,0,25,88,4.04,1.500,10.1,1.7,3.4,11.8,3.50
346,Josh Rogers,rogerjo01,24,BAL,AL,0,0,,12.27,1,0,0,0,0,0,3.2,4,5,5,3,1,0,1,1,0,0,17,38,14.83,1.364,9.8,7.4,2.5,2.5,1.00
347,Taylor Rogers,rogerta01,28,MIN,AL,0,0,,1.04,8,0,1,0,0,1,8.2,10,1,1,1,2,0,9,2,0,0,39,443,3.91,1.385,10.4,1.0,2.1,9.3,4.50
348,Sergio Romo,romose01,36,MIA,NL,1,0,1.000,9.00,7,0,3,0,0,1,6.0,7,6,6,1,4,0,5,0,0,1,29,47,5.60,1.833,10.5,1.5,6.0,7.5,1.25
349,Hector Rondon,rondohe01,31,HOU,AL,1,0,1.000,1.35,7,0,1,0,0,0,6.2,5,1,1,1,1,0,7,1,0,0,25,329,3.85,0.900,6.8,1.4,1.4,9.5,7.00
350,Randy Rosario,rosarra01,25,CHC,NL,0,0,,7.20,6,0,0,0,0,0,5.0,7,5,4,1,3,0,7,0,0,1,26,67,4.70,2.000,12.6,1.8,5.4,12.6,2.33
351,Trevor Rosenthal,rosentr01,29,WSN,NL,0,1,.000,40.50,6,0,1,0,0,0,2.0,5,9,9,0,8,0,3,2,0,2,21,13,15.10,6.500,22.5,0.0,36.0,13.5,0.38
352,Joe Ross,rossjo01,26,WSN,NL,0,0,,11.57,2,0,0,0,0,0,2.1,2,3,3,1,1,0,2,1,0,0,11,45,9.53,1.286,7.7,3.9,3.9,7.7,2.00
353,Tyson Ross,rossty01,32,DET,AL,1,2,.333,3.38,4,4,0,0,0,0,24.0,21,13,9,4,9,0,17,0,0,1,100,136,4.98,1.250,7.9,1.5,3.4,6.4,1.89
354,Zac Rosscup,rosscza01,31,SEA,AL,1,0,1.000,3.00,9,0,0,0,0,0,6.0,6,5,2,1,8,1,9,0,0,1,33,144,6.27,2.333,9.0,1.5,12.0,13.5,1.13
355,Jose Ruiz,ruizjo01,24,CHW,AL,0,0,,12.27,5,0,0,0,0,0,3.2,10,5,5,1,2,0,4,1,0,0,23,38,6.92,3.273,24.5,2.5,4.9,9.8,2.00
356,Nick Rumbelow,rumbeni01,27,SEA,AL,0,0,,27.00,3,0,1,0,0,1,1.1,3,4,4,2,1,0,2,0,0,1,9,19,21.85,3.000,20.3,13.5,6.8,13.5,2.00
357,Kyle Ryan,ryanky01,27,CHC,NL,0,0,,4.15,5,0,1,0,0,0,4.1,4,2,2,0,4,1,7,0,0,0,21,118,2.64,1.846,8.3,0.0,8.3,14.5,1.75
358,Hyun-Jin Ryu,ryuhy01,32,LAD,NL,2,0,1.000,3.07,3,3,0,0,0,0,14.2,12,5,5,3,1,0,14,0,0,0,55,140,4.06,0.886,7.4,1.8,0.6,8.6,14.00
359,CC Sabathia,sabatc.01,38,NYY,AL,0,0,,0.00,1,1,0,0,0,0,5.0,1,0,0,0,0,0,3,0,0,0,16,,1.90,0.200,1.8,0.0,0.0,5.4,
360,Connor Sadzeck,sadzeco01,27,SEA,AL,0,0,,1.42,5,0,3,0,0,1,6.1,1,1,1,0,3,0,7,0,0,2,23,304,2.31,0.632,1.4,0.0,4.3,9.9,2.33
361,Chris Sale,salech01,30,BOS,AL,0,4,.000,8.50,4,4,0,0,0,0,18.0,23,17,17,5,5,0,14,2,0,0,84,54,6.33,1.556,11.5,2.5,2.5,7.0,2.80
362,Jeff Samardzija,samarje01,34,SFG,NL,1,1,.500,2.91,4,4,0,0,0,0,21.2,17,8,7,2,8,1,20,0,0,0,87,146,3.57,1.154,7.1,0.8,3.3,8.3,2.50
363,Adrian Sampson,sampsad01,27,TEX,AL,0,1,.000,5.93,3,1,1,0,0,0,13.2,16,9,9,3,6,1,9,1,0,1,60,85,6.18,1.610,10.5,2.0,4.0,5.9,1.50
364,Aaron Sanchez,sanchaa01,26,TOR,AL,2,1,.667,2.86,4,4,0,0,0,0,22.0,17,10,7,2,13,0,21,2,0,3,95,151,4.42,1.364,7.0,0.8,5.3,8.6,1.62
365,Anibal Sanchez,sanchan01,35,WSN,NL,0,1,.000,4.86,3,3,0,0,0,0,16.2,18,9,9,3,7,1,11,0,0,0,74,95,5.38,1.500,9.7,1.6,3.8,5.9,1.57
366,Dennis Santana,santade01,23,LAD,NL,0,0,,7.20,3,0,1,0,0,0,5.0,6,4,4,1,4,0,6,2,0,1,27,62,6.90,2.000,10.8,1.8,7.2,10.8,1.50
367,Ervin Santana,santaer01,36,CHW,AL,0,1,.000,10.38,2,2,0,0,0,0,8.2,13,10,10,5,6,0,4,0,0,1,44,43,11.76,2.192,13.5,5.2,6.2,4.2,0.67
368,Max Scherzer,scherma01,34,WSN,NL,1,2,.333,3.33,4,4,0,0,0,0,27.0,24,11,10,2,5,1,35,2,0,0,108,138,2.25,1.074,8.0,0.7,1.7,11.7,7.00
369,Jaime Schultz,schulja02,28,LAD,NL,0,0,,0.00,3,0,2,0,0,0,3.0,1,0,0,0,2,0,3,0,0,0,11,,3.10,1.000,3.0,0.0,6.0,9.0,1.50
370,Tanner Scott,scottta01,24,BAL,AL,0,0,,2.45,4,0,0,0,0,0,3.2,5,1,1,0,5,1,4,0,0,0,18,192,5.01,2.727,12.3,0.0,12.3,9.8,0.80
371,Antonio Senzatela,senzaan01,24,COL,NL,1,0,1.000,1.35,1,1,0,0,0,0,6.2,6,1,1,1,1,0,4,1,0,0,26,401,4.75,1.050,8.1,1.4,1.4,5.4,4.00
372,Paul Sewald,sewalpa01,29,NYM,NL,0,0,,2.25,2,0,1,0,0,0,4.0,3,1,1,0,2,0,1,1,0,0,17,195,4.85,1.250,6.8,0.0,4.5,2.3,0.50
373,Bryan Shaw,shawbr01,31,COL,NL,0,0,,0.87,9,0,5,0,0,0,10.1,5,2,1,1,5,0,3,1,0,1,40,612,5.52,0.968,4.4,0.9,4.4,2.6,0.60
374,Matt Shoemaker,shoemma01,32,TOR,AL,3,0,1.000,1.75,4,4,0,0,0,0,25.2,13,7,5,3,9,0,23,1,0,1,97,246,4.00,0.857,4.6,1.1,3.2,8.1,2.56
375,Tony Sipp,sippto01,35,WSN,NL,0,1,.000,13.50,9,0,1,0,0,0,4.0,8,6,6,0,1,0,3,1,0,0,22,36,3.10,2.250,18.0,0.0,2.3,6.8,3.00
376,Tyler Skaggs,skaggty01,27,LAA,AL,1,2,.333,4.20,3,3,0,0,0,0,15.0,17,7,7,4,2,0,14,0,0,0,62,105,5.10,1.267,10.2,2.4,1.2,8.4,7.00
377,Caleb Smith,smithca03,27,MIA,NL,1,0,1.000,2.65,3,3,0,0,0,0,17.0,9,5,5,2,6,0,21,0,0,1,65,153,3.22,0.882,4.8,1.1,3.2,11.1,3.50
378,Will Smith,smithwi04,29,SFG,NL,0,0,,1.35,7,0,6,0,0,4,6.2,3,1,1,0,2,0,7,0,0,0,24,327,1.90,0.750,4.1,0.0,2.7,9.5,3.50
379,Drew Smyly,smylydr01,30,TEX,AL,0,1,.000,7.15,3,3,0,0,0,0,11.1,14,9,9,2,7,0,11,1,0,1,55,70,5.57,1.853,11.1,1.6,5.6,8.7,1.57
380,Blake Snell,snellbl01,26,TBR,AL,2,1,.667,2.16,4,4,0,0,0,0,25.0,15,6,6,4,4,0,36,0,0,1,89,196,2.78,0.760,5.4,1.4,1.4,13.0,9.00
381,Chad Sobotka,sobotch01,25,ATL,NL,0,0,,12.38,9,0,1,0,0,0,8.0,10,12,11,3,5,0,10,2,0,0,41,37,8.10,1.875,11.3,3.4,5.6,11.3,2.00
382,Joakim Soria,soriajo01,35,OAK,AL,0,2,.000,9.72,10,0,1,0,0,0,8.1,12,9,9,0,5,1,7,1,1,1,43,45,3.58,2.040,13.0,0.0,5.4,7.6,1.40
383,Mike Soroka,sorokmi01,21,ATL,NL,0,1,.000,1.80,1,1,0,0,0,0,5.0,4,1,1,0,2,1,6,2,0,1,24,259,3.10,1.200,7.2,0.0,3.6,10.8,3.00
384,Glenn Sparkman,sparkgl01,27,KCR,AL,0,1,.000,7.36,2,0,1,0,0,0,3.2,7,3,3,1,0,0,1,0,0,0,18,66,6.10,1.909,17.2,2.5,0.0,2.5,
385,Jeffrey Springs,sprinje01,26,TEX,AL,2,0,1.000,2.25,6,0,1,0,0,0,8.0,5,2,2,0,7,0,7,0,0,0,36,226,3.98,1.500,5.6,0.0,7.9,7.9,1.00
386,Craig Stammen,stammcr01,35,SDP,NL,2,0,1.000,0.96,9,0,0,0,0,0,9.1,7,1,1,0,0,0,8,0,0,0,34,451,1.39,0.750,6.8,0.0,0.0,7.7,
387,Ryne Stanek,stanery01,27,TBR,AL,0,0,,1.93,8,4,0,0,0,0,9.1,6,2,2,1,2,0,13,0,0,0,36,224,2.35,0.857,5.8,1.0,1.9,12.5,6.50
388,Drew Steckenrider,steckdr01,28,MIA,NL,0,2,.000,7.88,8,0,3,0,0,0,8.0,6,7,7,4,1,0,7,1,0,0,32,53,8.60,0.875,6.8,4.5,1.1,7.9,7.00
389,Robert Stephenson,stephro01,26,CIN,NL,1,0,1.000,0.84,7,0,1,0,0,0,10.2,5,2,1,0,1,1,15,0,0,0,38,554,0.57,0.563,4.2,0.0,0.8,12.7,15.00
390,Brock Stewart,stewabr01,27,LAD,NL,0,0,,18.00,3,0,1,0,0,0,4.0,9,8,8,2,2,0,3,0,0,1,21,25,9.60,2.750,20.3,4.5,4.5,6.8,1.50
391,Robert Stock,stockro01,29,SDP,NL,1,0,1.000,9.00,7,0,1,0,0,0,6.0,7,8,6,1,6,0,9,0,0,2,32,49,5.27,2.167,10.5,1.5,9.0,13.5,1.50
392,Matt Strahm,strahma01,27,SDP,NL,0,2,.000,4.26,3,3,0,0,0,0,12.2,17,7,6,1,5,0,8,1,1,1,59,101,4.29,1.737,12.1,0.7,3.6,5.7,1.60
393,Dan Straily,straida01,30,BAL,AL,1,1,.500,10.24,3,2,0,0,0,0,9.2,15,11,11,4,3,0,2,0,0,0,46,43,9.00,1.862,14.0,3.7,2.8,1.9,0.67
394,Stephen Strasburg,strasst01,30,WSN,NL,1,1,.500,5.56,4,4,0,0,0,0,22.2,22,14,14,5,7,1,28,0,0,0,98,83,4.43,1.279,8.7,2.0,2.8,11.1,4.00
395,Chris Stratton,stratch01,28,LAA,AL,0,1,.000,7.00,4,4,0,0,0,0,18.0,23,14,14,2,13,0,11,0,0,1,86,63,5.49,2.000,11.5,1.0,6.5,5.5,0.85
396,Hunter Strickland,strichu01,30,SEA,AL,0,1,.000,11.57,3,0,2,0,0,2,2.1,2,3,3,1,0,0,3,1,0,0,10,41,7.39,0.857,7.7,3.9,0.0,11.6,
397,Ross Stripling,stripro01,29,LAD,NL,1,1,.500,2.92,4,4,0,0,0,0,24.2,18,8,8,3,6,0,18,1,0,1,97,145,4.08,0.973,6.6,1.1,2.2,6.6,3.00
398,Marcus Stroman,stromma01,28,TOR,AL,0,3,.000,1.99,4,4,0,0,0,0,22.2,20,8,5,0,10,0,23,0,0,0,95,217,2.40,1.324,7.9,0.0,4.0,9.1,2.30
399,Pedro Strop,stroppe01,34,CHC,NL,0,1,.000,3.60,6,0,5,0,0,1,5.0,3,2,2,0,1,0,3,0,0,1,18,134,2.50,0.800,5.4,0.0,1.8,5.4,3.00
400,Daniel Stumpf,stumpda01,28,DET,AL,1,0,1.000,0.00,6,0,0,0,0,0,4.1,3,0,0,0,2,0,7,0,0,0,17,,1.26,1.154,6.2,0.0,4.2,14.5,3.50
401,Wander Suero,suerowa01,27,WSN,NL,1,1,.500,5.40,9,0,3,0,0,0,8.1,4,5,5,0,4,2,10,1,0,1,33,87,2.50,0.960,4.3,0.0,4.3,10.8,2.50
402,Erik Swanson,swanser01,25,SEA,AL,0,1,.000,3.38,2,1,0,0,0,0,8.0,5,3,3,1,2,0,9,0,0,0,31,126,3.23,0.875,5.6,1.1,2.3,10.1,4.50
403,Anthony Swarzak,swarzan01,33,SEA,AL,2,0,1.000,1.42,7,0,5,0,0,2,6.1,3,1,1,1,3,1,10,0,0,1,25,304,3.42,0.947,4.3,1.4,4.3,14.2,3.33
404,Noah Syndergaard,syndeno01,26,NYM,NL,1,1,.500,5.63,4,4,0,0,0,0,24.0,22,15,15,3,5,0,29,1,0,1,97,72,3.06,1.125,8.3,1.1,1.9,10.9,5.80
405,Jameson Taillon,taillja01,27,PIT,NL,0,2,.000,3.43,4,4,0,0,0,0,21.0,19,14,8,2,5,1,17,1,0,0,89,125,3.58,1.143,8.1,0.9,2.1,7.3,3.40
406,Masahiro Tanaka,tanakma01,30,NYY,AL,1,1,.500,3.22,4,4,0,0,0,0,22.1,24,9,8,2,5,0,21,0,0,0,91,138,3.06,1.299,9.7,0.8,2.0,8.5,4.20
407,Stephen Tarpley,tarplst01,26,NYY,AL,0,0,,6.00,4,0,0,0,0,0,3.0,4,2,2,1,2,0,3,0,0,2,14,82,7.44,2.000,12.0,3.0,6.0,9.0,1.50
408,Julio Teheran,teherju01,28,ATL,NL,2,1,.667,4.71,4,4,0,0,0,0,21.0,21,11,11,4,10,1,23,0,0,2,92,94,4.82,1.476,9.0,1.7,4.3,9.9,2.30
409,Ryan Tepera,teperry01,31,TOR,AL,0,0,,0.00,1,0,0,0,0,0,1.0,0,0,0,0,0,0,1,0,0,0,3,,1.10,0.000,0.0,0.0,0.0,9.0,
410,Tyler Thornburg,thornty01,30,BOS,AL,0,0,,6.48,8,0,1,0,0,0,8.1,8,6,6,2,3,0,9,0,0,1,36,72,5.14,1.320,8.6,2.2,3.2,9.7,3.00
411,Trent Thornton,thorntr01,25,TOR,AL,0,2,.000,5.40,4,4,0,0,0,0,18.1,19,11,11,4,7,0,21,0,0,0,79,80,4.79,1.418,9.3,2.0,3.4,10.3,3.00
412,Josh Tomlin,tomlijo01,34,ATL,NL,0,0,,1.59,4,0,2,0,0,0,5.2,3,1,1,0,0,0,4,0,0,0,20,291,1.69,0.529,4.8,0.0,0.0,6.4,
413,Touki Toussaint,toussto01,23,ATL,NL,1,0,1.000,0.00,1,0,0,0,0,0,6.0,4,1,0,0,2,0,7,0,0,0,23,,1.77,1.000,6.0,0.0,3.0,10.5,3.50
414,Blake Treinen,treinbl01,31,OAK,AL,0,1,.000,0.79,9,0,8,0,0,6,11.1,6,1,1,0,7,1,15,0,0,0,46,541,2.31,1.147,4.8,0.0,5.6,11.9,2.14
415,Lou Trivino,trivilo01,27,OAK,AL,1,0,1.000,1.42,12,0,1,0,0,0,12.2,6,2,2,1,1,0,16,0,0,1,44,301,1.84,0.553,4.3,0.7,0.7,11.4,16.00
416,Spencer Turnbull,turnbsp01,26,DET,AL,0,2,.000,3.43,4,4,0,0,0,0,21.0,20,10,8,2,7,0,24,1,0,0,90,134,3.20,1.286,8.6,0.9,3.0,10.3,3.43
417,Jose Urena,urenajo01,27,MIA,NL,0,3,.000,6.53,4,4,0,0,0,0,20.2,31,16,15,3,5,1,17,0,0,1,97,62,4.07,1.742,13.5,1.3,2.2,7.4,3.40
418,Julio Urias,uriasju01,22,LAD,NL,1,1,.500,3.66,4,4,0,0,0,0,19.2,14,9,8,2,7,0,22,2,0,0,83,116,3.56,1.068,6.4,0.9,3.2,10.1,3.14
419,Framber Valdez,valdefr01,25,HOU,AL,0,1,.000,6.00,2,0,1,0,0,0,3.0,4,2,2,0,1,0,3,0,0,0,13,79,2.10,1.667,12.0,0.0,3.0,9.0,3.00
420,Jason Vargas,vargaja01,36,NYM,NL,1,0,1.000,14.21,3,2,1,0,0,0,6.1,14,10,10,2,4,0,3,0,0,0,37,30,8.16,2.842,19.9,2.8,5.7,4.3,0.75
421,Andrew Vasquez,vasquan02,25,MIN,AL,0,0,,inf,1,0,0,0,0,0,0.0,0,3,3,0,2,0,0,1,0,0,3,6,,,,,,,0.00
422,Felipe Vazquez,riverfe01,27,PIT,NL,1,0,1.000,0.00,8,0,6,0,0,5,9.2,9,1,0,0,3,0,15,0,0,2,43,,0.93,1.241,8.4,0.0,2.8,14.0,5.00
423,Vince Velasquez,velasvi01,27,PHI,NL,0,0,,2.25,3,2,1,0,0,0,12.0,6,3,3,2,3,0,8,0,0,0,43,205,4.69,0.750,4.5,1.5,2.3,6.0,2.67
424,Hector Velazquez,velazhe01,30,BOS,AL,0,1,.000,2.84,6,2,2,0,0,0,12.2,12,5,4,1,4,0,10,1,0,2,51,161,3.74,1.263,8.5,0.7,2.8,7.1,2.50
425,Jonny Venters,ventejo01,34,ATL,NL,0,0,,20.25,6,0,0,0,0,0,2.2,6,6,6,2,5,0,5,0,0,0,18,24,14.73,4.125,20.3,6.8,16.9,16.9,1.00
426,Drew VerHagen,verhadr01,28,DET,AL,1,0,1.000,3.38,5,0,2,0,0,0,2.2,2,1,1,0,3,0,4,0,0,0,13,151,3.48,1.875,6.8,0.0,10.1,13.5,1.33
427,Justin Verlander,verlaju01,36,HOU,AL,2,0,1.000,3.52,4,4,0,0,0,0,23.0,18,9,9,4,6,0,30,3,0,0,96,121,3.93,1.043,7.0,1.6,2.3,11.7,5.00
428,Nick Vincent,vinceni01,32,SFG,NL,0,1,.000,2.38,8,0,3,0,0,0,11.1,13,3,3,0,3,2,8,1,1,0,49,181,2.75,1.412,10.3,0.0,2.4,6.4,2.67
429,Arodys Vizcaino,vizcaar01,28,ATL,NL,1,0,1.000,2.25,4,0,4,0,0,1,4.0,3,1,1,1,3,0,6,0,0,0,17,211,5.60,1.500,6.8,2.3,6.8,13.5,2.00
430,Edinson Volquez,volqued01,35,TEX,AL,0,0,,7.04,2,2,0,0,0,0,7.2,10,6,6,2,8,0,6,0,0,1,39,72,8.06,2.348,11.7,2.3,9.4,7.0,0.75
431,Michael Wacha,wachami01,27,STL,NL,1,0,1.000,4.64,4,4,0,0,0,0,21.1,20,11,11,5,14,1,24,0,0,0,96,92,5.87,1.594,8.4,2.1,5.9,10.1,1.71
432,Adam Wainwright,wainwad01,37,STL,NL,1,1,.500,3.94,3,3,0,0,0,0,16.0,12,7,7,2,6,1,16,1,0,0,65,109,4.04,1.125,6.8,1.1,3.4,9.0,2.67
433,Marcus Walden,waldema01,30,BOS,AL,2,0,1.000,3.38,5,0,1,0,0,0,8.0,5,5,3,1,4,0,11,1,0,0,35,138,3.85,1.125,5.6,1.1,4.5,12.4,2.75
434,Adam Warren,warread01,31,SDP,NL,1,0,1.000,4.50,7,0,1,0,0,0,10.0,9,5,5,4,3,0,9,0,0,0,41,96,7.40,1.200,8.1,3.6,2.7,8.1,3.00
435,Tony Watson,watsoto01,34,SFG,NL,0,0,,1.50,7,0,0,0,0,0,6.0,7,1,1,0,1,1,2,0,0,1,25,296,2.94,1.333,10.5,0.0,1.5,3.0,2.00
436,Luke Weaver,weavelu01,25,ARI,NL,1,1,.500,3.92,4,4,0,0,0,0,20.2,20,10,9,2,5,1,24,1,0,0,88,120,2.91,1.210,8.7,0.9,2.2,10.5,4.80
437,Jacob Webb,webbja01,25,ATL,NL,0,0,,0.00,2,0,1,0,0,0,0.2,1,0,0,0,0,0,1,0,0,0,3,,0.10,1.500,13.5,0.0,0.0,13.5,
438,Tyler Webb,webbty01,28,STL,NL,0,0,,6.75,5,0,1,0,0,0,4.0,2,3,3,1,1,0,3,0,0,0,15,68,5.60,0.750,4.5,2.3,2.3,6.8,3.00
439,Allen Webster,webstal01,29,CHC,NL,0,0,,2.25,5,0,2,0,0,0,4.0,4,1,1,1,1,1,4,0,0,1,16,218,5.10,1.250,9.0,2.3,2.3,9.0,4.00
440,J.B. Wendelken,wendejb01,26,OAK,AL,0,0,,3.65,9,0,0,0,0,0,12.1,8,6,5,1,2,0,14,1,0,0,49,117,2.62,0.811,5.8,0.7,1.5,10.2,7.00
441,Zack Wheeler,wheelza01,29,NYM,NL,1,2,.333,6.35,4,4,0,0,0,0,22.2,21,16,16,3,14,0,22,0,0,0,102,64,4.74,1.544,8.3,1.2,5.6,8.7,1.57
442,Brad Wieck,wieckbr01,27,SDP,NL,0,0,,3.86,6,0,0,0,0,0,4.2,5,2,2,1,1,0,6,1,0,0,21,117,4.60,1.286,9.6,1.9,1.9,11.6,6.00
443,Aaron Wilkerson,wilkeaa01,30,MIL,NL,0,0,,2.25,1,0,0,0,0,0,4.0,5,1,1,0,0,0,3,0,0,0,15,218,1.60,1.250,11.3,0.0,0.0,6.8,
444,Austen Williams,williau01,26,WSN,NL,0,0,,162.00,2,0,0,0,0,0,0.1,5,6,6,2,1,0,1,0,0,0,7,6,84.10,18.000,135.0,54.0,27.0,27.0,1.00
445,Taylor Williams,willita01,27,MIL,NL,0,1,.000,10.38,4,0,1,0,0,0,4.1,6,5,5,1,3,0,4,1,0,1,23,47,7.03,2.077,12.5,2.1,6.2,8.3,1.33
446,Trevor Williams,willitr01,27,PIT,NL,1,0,1.000,2.59,4,4,0,0,0,0,24.1,20,8,7,2,5,0,17,3,0,0,99,166,3.76,1.027,7.4,0.7,1.8,6.3,3.40
447,Alex Wilson,wilsoal01,32,MIL,NL,1,0,1.000,8.31,9,0,3,0,0,1,8.2,11,8,8,1,6,1,12,0,0,2,43,57,3.91,1.962,11.4,1.0,6.2,12.5,2.00
448,Bryse Wilson,wilsobr02,21,ATL,NL,0,0,,10.80,1,1,0,0,0,0,3.1,5,4,4,1,4,1,3,0,0,0,17,45,8.80,2.700,13.5,2.7,10.8,8.1,0.75
449,Justin Wilson,wilsoju10,31,NYM,NL,1,1,.500,3.24,8,0,3,0,0,1,8.1,5,4,3,2,3,0,8,2,0,0,34,129,6.10,0.960,5.4,2.2,3.2,8.6,2.67
450,Trey Wingenter,wingetr01,25,SDP,NL,0,0,,4.50,9,0,2,0,0,1,8.0,5,4,4,1,6,0,10,1,0,1,35,97,4.85,1.375,5.6,1.1,6.8,11.3,1.67
451,Dan Winkler,winklda01,29,ATL,NL,0,0,,0.00,2,0,1,0,0,0,1.1,2,0,0,0,0,0,1,0,0,0,6,,1.60,1.500,13.5,0.0,0.0,6.8,
452,Matt Wisler,wislema01,26,SDP,NL,1,0,1.000,6.00,3,0,0,0,0,0,6.0,7,4,4,1,2,0,5,0,1,0,27,74,4.60,1.500,10.5,1.5,3.0,7.5,2.50
453,Nick Wittgren,wittgni01,28,CLE,AL,0,0,,0.00,4,0,1,0,0,1,6.0,2,0,0,0,0,0,8,0,0,0,20,,0.44,0.333,3.0,0.0,0.0,12.0,
454,Hunter Wood,woodhu01,25,TBR,AL,0,0,,0.00,3,1,1,0,0,1,6.0,6,0,0,0,1,0,6,0,0,0,24,,1.60,1.167,9.0,0.0,1.5,9.0,6.00
455,Brandon Woodruff,woodrbr01,26,MIL,NL,2,1,.667,5.23,4,4,0,0,0,0,20.2,23,12,12,2,6,0,26,2,1,0,91,88,3.01,1.403,10.0,0.9,2.6,11.3,4.33
456,Brandon Workman,workmbr01,30,BOS,AL,0,1,.000,3.52,9,0,0,0,0,0,7.2,2,3,3,0,5,0,11,0,0,0,30,132,2.19,0.913,2.3,0.0,5.9,12.9,2.20
457,Matt Wotherspoon,wothema01,27,BAL,AL,0,0,,13.50,1,0,1,0,0,0,2.0,4,3,3,1,1,0,0,0,0,0,10,37,11.10,2.500,18.0,4.5,4.5,0.0,0.00
458,Kyle Wright,wrighky01,23,ATL,NL,0,2,.000,7.07,3,3,0,0,0,0,14.0,15,11,11,4,10,1,11,1,0,1,65,63,7.60,1.786,9.6,2.6,6.4,7.1,1.10
459,Mike Wright,wrighmi01,29,BAL,AL,0,1,.000,9.00,9,0,4,0,0,1,10.0,15,10,10,3,7,0,12,1,0,1,51,49,7.00,2.200,13.5,2.7,6.3,10.8,1.71
460,Jimmy Yacabonis,yacabji01,27,BAL,AL,1,0,1.000,2.92,7,0,0,0,0,0,12.1,12,4,4,1,6,0,5,0,0,0,52,151,4.81,1.459,8.8,0.7,4.4,3.6,0.83
461,Ryan Yarbrough,yarbrry01,27,TBR,AL,2,1,.667,4.82,3,0,0,0,0,0,9.1,7,5,5,1,1,0,6,1,0,0,36,90,3.85,0.857,6.8,1.0,1.0,5.8,6.00
462,Kirby Yates,yateski01,32,SDP,NL,0,0,,0.90,10,0,10,0,0,9,10.0,6,1,1,0,3,0,17,1,0,0,40,482,0.90,0.900,5.4,0.0,2.7,15.3,5.67
463,Kyle Zimmer,zimmeky01,27,KCR,AL,0,1,.000,9.00,3,0,1,0,0,0,2.0,2,2,2,0,5,0,2,0,0,0,13,58,8.60,3.500,9.0,0.0,22.5,9.0,0.40
464,Jordan Zimmermann,zimmejo02,33,DET,AL,0,2,.000,4.29,4,4,0,0,0,0,21.0,19,11,10,4,4,1,15,0,0,0,84,107,4.72,1.095,8.1,1.7,1.7,6.4,3.75