Rk,PlayerName,PlayerCode,Age,Tm,Lg,G,PA,AB,R,H,2B,3B,HR,RBI,SB,CS,BB,SO,BA,OBP,SLG,OPS,OPS+,TB,GDP,HBP,SH,SF,IBB,Pos Summary
1,Jose Abreu,abreujo02,32,CHW,AL,18,79,69,9,12,3,0,3,10,2,0,8,22,.174,.266,.348,.614,69,24,2,1,0,1,0,3/D
2,Ronald Acuna Jr.,acunaro01,21,ATL,NL,18,80,63,15,20,1,1,6,14,2,0,13,17,.317,.442,.651,1.092,183,41,3,1,0,0,1,*7/8
3,Willy Adames,adamewi01,23,TBR,AL,18,70,64,10,16,4,0,1,4,0,0,5,22,.250,.314,.359,.674,88,23,0,1,0,0,0,*6
4,Matt Adams,adamsma01,30,WSN,NL,14,25,24,2,5,2,0,2,8,0,0,0,10,.208,.200,.542,.742,80,13,1,0,0,1,0,/3
5,Ehire Adrianza,adriaeh01,29,MIN,AL,8,22,19,3,2,0,0,0,1,0,0,0,3,.105,.182,.105,.287,-18,2,0,2,0,1,0,/5436
6,Jesus Aguilar,aguilje01,29,MIL,NL,17,69,58,5,9,2,0,0,5,0,0,8,15,.155,.254,.190,.443,18,11,4,0,0,1,0,*3
7,Nick Ahmed,ahmedni01,29,ARI,NL,19,76,71,13,20,7,0,1,10,2,0,3,19,.282,.303,.423,.725,83,30,2,0,0,2,1,*6
8,Matt Albers,alberma01,36,MIL,NL,6,0,0,0,0,0,0,0,0,0,0,0,0,,,,,,0,0,0,0,0,0,/1
9,Hanser Alberto,alberha01,26,BAL,AL,14,43,42,1,12,1,0,0,3,0,0,1,5,.286,.302,.310,.612,71,13,0,0,0,0,0,4/51
10,Ozzie Albies,albieoz01,22,ATL,NL,18,83,76,11,22,3,1,2,3,3,2,7,13,.289,.349,.434,.784,105,33,1,0,0,0,0,*4
11,Sandy Alcantara,alcansa01,23,MIA,NL,4,7,7,0,1,0,0,0,0,0,0,0,4,.143,.143,.143,.286,-21,1,0,0,0,0,0,/1
12,Scott Alexander,alexasc02,29,LAD,NL,11,0,0,0,0,0,0,0,0,0,0,0,0,,,,,,0,0,0,0,0,0,1
13,Jorge Alfaro,alfarjo01,26,MIA,NL,14,49,46,5,15,0,0,3,6,0,2,1,18,.326,.367,.522,.889,141,24,1,2,0,0,0,*2
14,Anthony Alford,alforan01,24,TOR,AL,1,3,3,0,0,0,0,0,0,0,0,0,1,.000,.000,.000,.000,-100,0,0,0,0,0,0,/8
15,Cody Allen,allenco01,30,LAA,AL,1,1,1,0,0,0,0,0,0,0,0,0,1,.000,.000,.000,.000,-100,0,0,0,0,0,0,/1
16,Greg Allen,allengr01,26,CLE,AL,15,32,28,1,1,1,0,0,4,0,0,2,9,.036,.125,.071,.196,-45,2,0,1,0,1,0,*/978
17,Yency Almonte,almonye01,25,COL,NL,3,1,1,0,0,0,0,0,0,0,0,0,0,.000,.000,.000,.000,-100,0,0,0,0,0,0,/1
18,Albert Almora,almoral01,25,CHC,NL,17,53,47,4,10,0,0,0,4,2,0,5,9,.213,.288,.213,.501,33,10,0,0,1,0,2,*8
19,Pete Alonso,alonspe01,24,NYM,NL,18,75,65,14,21,7,0,6,17,0,0,9,23,.323,.413,.708,1.121,199,46,2,1,0,0,0,*3
20,Yonder Alonso,alonsyo01,32,CHW,AL,18,72,60,9,12,2,0,3,9,0,0,12,11,.200,.333,.383,.717,99,23,0,0,0,0,0,D/3
21,Aaron Altherr,altheaa01,28,PHI,NL,14,18,18,1,1,1,0,0,1,0,0,0,4,.056,.056,.111,.167,-58,2,0,0,0,0,0,/891
22,Jose Altuve,altuvjo01,29,HOU,AL,18,78,71,12,22,2,0,7,13,1,1,6,15,.310,.359,.634,.993,166,45,2,0,0,1,0,*4/D
23,Jose Alvarado,alvarjo03,24,TBR,AL,2,0,0,0,0,0,0,0,0,0,0,0,0,,,,,,0,0,0,0,0,0,1
24,Jose Alvarez,alvarjo02,30,PHI,NL,8,0,0,0,0,0,0,0,0,0,0,0,0,,,,,,0,0,0,0,0,0,/1
25,Brian Anderson,anderbr06,26,MIA,NL,18,78,69,3,15,2,0,2,3,2,0,9,22,.217,.308,.333,.641,77,23,1,0,0,0,0,*5
26,Chase Anderson,anderch01,31,MIL,NL,4,1,1,0,0,0,0,0,0,0,0,0,1,.000,.000,.000,.000,-100,0,0,0,0,0,0,/1
27,Drew Anderson,anderdr02,25,PHI,NL,1,0,0,0,0,0,0,0,0,0,0,0,0,,,,,,0,0,0,0,0,0,/1
28,Nick Anderson,anderni01,28,MIA,NL,9,0,0,0,0,0,0,0,0,0,0,0,0,,,,,,0,0,0,0,0,0,/1
29,Tim Anderson,anderti01,26,CHW,AL,16,66,64,14,27,3,0,4,12,7,0,1,12,.422,.439,.656,1.096,200,42,2,1,0,0,0,*6
30,Tyler Anderson,anderty01,29,COL,NL,2,3,3,1,1,0,0,0,0,0,0,0,1,.333,.333,.333,.667,65,1,0,0,0,0,0,/1
31,Matt Andriese,andrima01,29,ARI,NL,7,1,1,0,0,0,0,0,0,0,0,0,1,.000,.000,.000,.000,-100,0,0,0,0,0,0,/1
32,Elvis Andrus,andruel01,30,TEX,AL,17,73,70,9,27,4,1,3,13,4,1,3,15,.386,.411,.600,1.011,161,42,1,0,0,0,0,*6/D
33,Miguel Andujar,andujmi01,24,NYY,AL,3,14,13,1,3,0,0,0,1,0,0,0,2,.231,.214,.231,.445,21,3,2,0,0,1,0,/5D
34,Victor Arano,aranovi01,24,PHI,NL,3,0,0,0,0,0,0,0,0,0,0,0,0,,,,,,0,0,0,0,0,0,/1
35,Chris Archer,archech01,30,PIT,NL,3,8,7,0,1,0,0,0,0,0,0,0,4,.143,.143,.143,.286,-23,1,0,0,1,0,0,/1
36,Orlando Arcia,arciaor01,24,MIL,NL,19,66,61,9,14,1,0,3,7,0,0,5,15,.230,.288,.393,.681,74,24,3,0,0,0,1,*6
37,Nolan Arenado,arenano01,28,COL,NL,19,84,76,12,20,2,1,3,12,1,1,7,7,.263,.321,.434,.756,83,33,2,0,0,1,1,*5
38,Jake Arrieta,arrieja01,33,PHI,NL,4,10,10,0,0,0,0,0,0,0,0,0,5,.000,.000,.000,.000,-100,0,0,0,0,0,0,/1
39,Christian Arroyo,arroych01,24,TBR,AL,4,9,9,0,3,0,0,0,2,0,0,0,5,.333,.333,.333,.667,88,3,0,0,0,0,0,/5
40,Willians Astudillo,astudwi01,27,MIN,AL,10,38,35,8,10,3,0,1,4,0,0,1,1,.286,.316,.457,.773,107,16,4,1,0,1,0,/2357
41,Tyler Austin,austity01,27,TOT,MLB,7,20,17,3,5,1,0,0,1,0,0,3,8,.294,.400,.353,.753,107,6,0,0,0,0,0,/37
42,Tyler Austin,austity01,27,MIN,AL,2,5,4,1,1,1,0,0,0,0,0,1,3,.250,.400,.500,.900,144,2,0,0,0,0,0,/3
43,Tyler Austin,austity01,27,SFG,NL,5,15,13,2,4,0,0,0,1,0,0,2,5,.308,.400,.308,.708,96,4,0,0,0,0,0,/37
44,Alex Avila,avilaal01,32,ARI,NL,6,21,15,5,5,1,0,2,5,0,0,6,5,.333,.524,.800,1.324,232,12,0,0,0,0,1,/2
45,Pedro Avila,avilape01,22,SDP,NL,1,2,1,0,0,0,0,0,0,0,0,0,0,.000,.000,.000,.000,-100,0,0,0,1,0,0,/1
46,Luis Avilan,avilalu01,29,NYM,NL,7,0,0,0,0,0,0,0,0,0,0,0,0,,,,,,0,0,0,0,0,0,/1
47,Harrison Bader,baderha01,25,STL,NL,13,50,39,6,7,1,0,2,5,0,1,8,14,.179,.347,.359,.706,90,14,0,2,1,0,1,*8
48,Javier Baez,baezja01,26,CHC,NL,17,77,74,15,24,5,0,6,16,2,0,3,24,.324,.351,.635,.986,147,47,1,0,0,0,0,*6
49,Pedro Baez,baezpe01,31,LAD,NL,10,0,0,0,0,0,0,0,0,0,0,0,0,,,,,,0,0,0,0,0,0,1
50,Austin Barnes,barneau01,29,LAD,NL,16,56,44,9,10,1,0,2,5,1,0,10,8,.227,.375,.386,.761,104,17,2,1,0,1,1,*2
51,Jacob Barnes,barneja01,29,MIL,NL,6,0,0,0,0,0,0,0,0,0,0,0,0,,,,,,0,0,0,0,0,0,/1
52,Matt Barnes,barnema01,29,BOS,AL,1,1,1,0,0,0,0,0,0,0,0,0,1,.000,.000,.000,.000,-100,0,0,0,0,0,0,/1
53,Tucker Barnhart,barnhtu01,28,CIN,NL,15,47,38,6,10,2,0,1,2,0,0,9,7,.263,.404,.395,.799,110,15,1,0,0,0,1,*2
54,Kyle Barraclough,barraky01,29,WSN,NL,10,0,0,0,0,0,0,0,0,0,0,0,0,,,,,,0,0,0,0,0,0,1
55,Franklin Barreto,barrefr02,23,OAK,AL,1,0,0,0,0,0,0,0,0,0,0,0,0,,,,,,0,0,0,0,0,0,
56,Jake Bauers,bauerja01,23,CLE,AL,16,60,53,8,12,2,0,2,6,1,1,7,10,.226,.317,.377,.694,86,20,1,0,0,0,0,7/D3
57,Gordon Beckham,beckhgo01,32,DET,AL,9,28,25,5,6,2,0,2,3,1,0,2,11,.240,.321,.560,.881,133,14,1,1,0,0,0,/635
58,Tim Beckham,beckhti01,29,SEA,AL,20,83,73,14,22,7,0,4,13,1,2,10,20,.301,.386,.562,.947,163,41,1,0,0,0,0,*6
59,Jalen Beeks,beeksja02,25,TBR,AL,1,0,0,0,0,0,0,0,0,0,0,0,0,,,,,,0,0,0,0,0,0,/1
60,Josh Bell,belljo02,26,PIT,NL,16,68,58,11,18,5,1,3,13,0,1,7,12,.310,.382,.586,.969,153,34,1,1,0,2,1,*3/D
61,Cody Bellinger,bellico01,23,LAD,NL,20,86,74,24,32,4,1,10,24,3,2,11,10,.432,.512,.919,1.431,269,68,2,1,0,0,2,*9/3
62,Brandon Belt,beltbr01,31,SFG,NL,20,76,65,8,15,4,1,4,9,1,1,9,20,.231,.342,.508,.850,125,33,0,2,0,0,0,*3/7
63,Andrew Benintendi,beninan01,24,BOS,AL,16,67,58,6,17,4,1,1,6,1,1,7,13,.293,.364,.448,.812,118,26,0,0,1,1,0,*7/D
64,Travis Bergen,bergetr01,25,SFG,NL,9,0,0,0,0,0,0,0,0,0,0,0,0,,,,,,0,0,0,0,0,0,/1
65,Jose Berrios,berrijo01,25,MIN,AL,1,2,2,0,0,0,0,0,0,0,0,0,2,.000,.000,.000,.000,-100,0,0,0,0,0,0,/1
66,Chad Bettis,bettich01,30,COL,NL,2,3,2,0,0,0,0,0,0,0,0,0,1,.000,.000,.000,.000,-100,0,0,0,1,0,0,/1
67,Mookie Betts,bettsmo01,26,BOS,AL,19,82,70,13,14,3,0,3,7,1,0,10,15,.200,.305,.371,.676,82,26,1,1,0,1,1,*9/8
68,Joe Biagini,biagijo01,29,TOR,AL,1,0,0,0,0,0,0,0,0,0,0,0,0,,,,,,0,0,0,0,0,0,1
69,Jesse Biddle,biddlje01,27,ATL,NL,10,0,0,0,0,0,0,0,0,0,0,0,0,,,,,,0,0,0,0,0,0,1
70,Greg Bird,birdgr01,26,NYY,AL,10,41,35,6,6,0,0,1,1,0,0,6,16,.171,.293,.257,.550,52,9,1,0,0,0,0,3
71,Kyle Bird,birdky01,26,TEX,AL,1,0,0,0,0,0,0,0,0,0,0,0,0,,,,,,0,0,0,0,0,0,/1
72,Braden Bishop,bishobr01,25,SEA,AL,1,1,1,0,0,0,0,0,0,0,0,0,1,.000,.000,.000,.000,-100,0,0,0,0,0,0,/8
73,Charlie Blackmon,blackch02,32,COL,NL,18,84,77,6,17,4,1,0,6,1,0,5,16,.221,.274,.299,.573,41,23,2,1,0,1,0,*9/D
74,Xander Bogaerts,bogaexa01,26,BOS,AL,18,75,64,11,19,6,0,2,8,0,0,10,13,.297,.387,.484,.871,134,31,1,0,0,1,0,*6
75,David Bote,boteda01,26,CHC,NL,16,40,35,6,10,4,0,1,8,0,0,4,9,.286,.375,.486,.861,120,17,1,1,0,0,0,/456
76,Justin Bour,bourju01,31,LAA,AL,14,59,49,4,9,3,0,1,5,0,0,9,16,.184,.322,.306,.628,75,15,2,1,0,0,0,*3
77,Peter Bourjos,bourjpe01,32,LAA,AL,15,34,32,3,3,1,0,0,2,1,0,1,11,.094,.118,.125,.243,-33,4,1,0,0,1,0,*/87
78,Brad Boxberger,boxbebr01,31,KCR,AL,1,0,0,0,0,0,0,0,0,0,0,0,0,,,,,,0,0,0,0,0,0,/1
79,Brad Brach,brachbr01,33,CHC,NL,6,1,0,0,0,0,0,0,0,0,0,0,0,,,,,,0,0,0,1,0,0,/1
80,Archie Bradley,bradlar01,26,ARI,NL,7,0,0,0,0,0,0,0,0,0,0,0,0,,,,,,0,0,0,0,0,0,/1
81,Jackie Bradley Jr.,bradlja02,29,BOS,AL,16,58,54,3,8,2,0,0,2,2,0,3,17,.148,.190,.185,.375,2,10,1,0,0,1,0,*8
82,Michael Brantley,brantmi02,32,HOU,AL,18,74,67,8,20,3,0,2,12,2,1,6,10,.299,.365,.433,.798,120,29,4,1,0,0,1,*7/D
83,Ryan Brasier,brasiry01,31,BOS,AL,2,0,0,0,0,0,0,0,0,0,0,0,0,,,,,,0,0,0,0,0,0,/1
84,Steven Brault,braulst01,27,PIT,NL,2,2,2,0,1,0,0,0,0,0,0,0,1,.500,.500,.500,1.000,169,1,0,0,0,0,0,/1
85,Ryan Braun,braunry02,35,MIL,NL,17,69,65,6,12,3,0,3,12,0,0,3,18,.185,.221,.369,.590,49,24,2,0,0,0,0,*7/D
86,John Brebbia,brebbjo01,29,STL,NL,8,0,0,0,0,0,0,0,0,0,0,0,0,,,,,,0,0,0,0,0,0,/1
87,Alex Bregman,bregmal01,25,HOU,AL,16,67,56,7,16,3,0,2,7,2,0,9,10,.286,.388,.446,.834,130,25,1,1,0,1,0,*5/6
88,Colten Brewer,breweco01,26,BOS,AL,1,0,0,0,0,0,0,0,0,0,0,0,0,,,,,,0,0,0,0,0,0,/1
89,Austin Brice,briceau01,27,MIA,NL,6,0,0,0,0,0,0,0,0,0,0,0,0,,,,,,0,0,0,0,0,0,/1
90,Lewis Brinson,brinsle01,25,MIA,NL,19,66,62,3,12,4,0,0,4,0,1,2,21,.194,.242,.258,.500,39,16,2,2,0,0,0,*8
91,Socrates Brito,britoso01,26,TOR,AL,8,23,21,2,0,0,0,0,0,0,0,2,10,.000,.087,.000,.087,-72,0,1,0,0,0,0,/98
92,Keon Broxton,broxtke01,29,NYM,NL,16,34,30,4,6,0,0,0,2,4,1,4,14,.200,.294,.200,.494,40,6,0,0,0,0,0,*/789
93,Jay Bruce,bruceja01,32,SEA,AL,19,77,68,13,12,2,0,8,15,0,0,7,25,.176,.260,.559,.819,122,38,0,1,0,1,0,3/9D7
94,Kris Bryant,bryankr01,27,CHC,NL,16,74,64,11,14,5,0,1,6,1,0,7,18,.219,.324,.344,.668,73,22,1,3,0,0,0,*5/7
95,Walker Buehler,buehlwa01,24,LAD,NL,4,7,6,1,1,0,0,1,1,0,0,0,3,.167,.167,.667,.833,105,4,0,0,1,0,0,/1
96,Madison Bumgarner,bumgama01,29,SFG,NL,4,9,9,1,3,0,0,1,2,0,0,0,4,.333,.333,.667,1.000,159,6,0,0,0,0,0,/1
97,Nick Burdi,burdini01,26,PIT,NL,8,0,0,0,0,0,0,0,0,0,0,0,0,,,,,,0,0,0,0,0,0,/1
98,Corbin Burnes,burneco01,24,MIL,NL,4,7,6,0,2,0,0,0,0,0,0,0,1,.333,.333,.333,.667,74,2,0,0,1,0,0,/1
99,Drew Butera,buterdr01,35,COL,NL,1,4,4,1,1,1,0,0,0,0,0,0,1,.250,.250,.500,.750,77,2,0,0,0,0,0,/2
100,Ty Buttrey,buttrty01,26,LAA,AL,1,0,0,0,0,0,0,0,0,0,0,0,0,,,,,,0,0,0,0,0,0,/1
101,Byron Buxton,buxtoby01,25,MIN,AL,15,52,48,7,13,8,1,0,6,4,0,3,12,.271,.327,.479,.806,116,23,0,1,0,0,1,*8/D
102,Asdrubal Cabrera,cabreas01,33,TEX,AL,16,63,56,12,13,2,0,6,13,0,0,6,15,.232,.302,.589,.891,125,33,5,0,0,1,0,*5
103,Melky Cabrera,cabreme01,34,PIT,NL,16,51,49,5,18,3,0,1,4,1,0,2,5,.367,.392,.490,.882,134,24,0,0,0,0,1,9/D
104,Miguel Cabrera,cabremi01,36,DET,AL,18,78,68,6,18,3,0,0,5,0,0,8,19,.265,.346,.309,.655,81,21,2,1,0,1,0,D/3
105,Lorenzo Cain,cainlo01,33,MIL,NL,19,86,75,14,23,5,0,2,4,3,1,9,12,.307,.384,.453,.837,116,34,2,1,0,1,0,*8
106,Kole Calhoun,calhoko01,31,LAA,AL,18,76,68,10,13,3,0,4,9,0,1,8,19,.191,.276,.412,.688,87,28,0,0,0,0,0,*9
107,Johan Camargo,camarjo01,25,ATL,NL,14,39,34,3,9,4,0,1,10,0,0,5,11,.265,.359,.471,.830,117,16,1,0,0,0,1,/5796
108,Jeimer Candelario,candeje01,25,DET,AL,17,71,63,5,14,3,0,0,4,1,0,7,17,.222,.310,.270,.580,60,17,0,1,0,0,1,*5/D
109,Mark Canha,canhama01,30,OAK,AL,13,40,29,8,7,1,0,2,3,0,0,10,10,.241,.450,.483,.933,162,14,0,1,0,0,0,/387D
110,Robinson Cano,canoro01,36,NYM,NL,17,79,73,6,14,4,0,2,8,0,0,5,18,.192,.253,.329,.582,58,24,1,1,0,0,0,*4
111,Victor Caratini,caratvi01,25,CHC,NL,6,17,14,4,8,3,0,1,5,0,0,3,4,.571,.647,1.000,1.647,316,14,0,0,0,0,0,/23
112,Shane Carle,carlesh01,27,ATL,NL,4,1,1,0,0,0,0,0,0,0,0,0,1,.000,.000,.000,.000,-100,0,0,0,0,0,0,/1
113,Matt Carpenter,carpema01,33,STL,NL,18,80,69,10,14,4,1,3,5,0,0,10,19,.203,.300,.420,.720,90,29,1,0,0,1,0,*5
114,Curt Casali,casalcu01,30,CIN,NL,12,24,23,3,7,4,0,0,1,0,0,1,8,.304,.333,.478,.812,108,11,0,0,0,0,0,/2
115,Nicholas Castellanos,casteni01,27,DET,AL,15,68,61,8,17,7,1,0,4,1,0,6,20,.279,.338,.426,.764,106,26,0,0,0,1,0,*9/D
116,Diego Castillo,castidi01,25,TBR,AL,2,1,1,0,0,0,0,0,0,0,0,0,1,.000,.000,.000,.000,-100,0,0,0,0,0,0,1
117,Luis Castillo,castilu02,26,CIN,NL,4,8,8,0,0,0,0,0,0,0,0,0,5,.000,.000,.000,.000,-100,0,0,0,0,0,0,/1
118,Welington Castillo,castiwe01,32,CHW,AL,12,45,35,2,6,1,0,2,6,0,0,8,9,.171,.356,.371,.727,104,13,1,2,0,0,0,2/D
119,Jason Castro,castrja01,32,MIN,AL,8,21,18,2,3,0,0,0,1,0,0,3,4,.167,.286,.167,.452,29,3,0,0,0,0,0,/2
120,Starlin Castro,castrst01,29,MIA,NL,19,79,74,7,16,1,0,2,4,0,0,5,15,.216,.266,.311,.577,59,23,6,0,0,0,0,*4
121,Jake Cave,caveja01,26,MIN,AL,9,21,17,1,5,1,0,0,2,0,0,4,3,.294,.429,.353,.782,118,6,1,0,0,0,0,/97D
122,Francisco Cervelli,cervefr01,33,PIT,NL,16,61,56,8,9,0,0,1,1,0,0,4,15,.161,.230,.214,.444,20,12,1,1,0,0,0,*2/3
123,Jhoulys Chacin,chacijh01,31,MIL,NL,3,6,5,2,3,0,0,1,1,0,0,1,1,.600,.667,1.200,1.867,369,6,0,0,0,0,0,/1
124,Andrew Chafin,chafian01,29,ARI,NL,9,0,0,0,0,0,0,0,0,0,0,0,0,,,,,,0,0,0,0,0,0,/1
125,Matt Chapman,chapmma01,26,OAK,AL,21,83,74,11,21,4,0,6,13,0,1,7,8,.284,.361,.581,.943,158,43,1,2,0,0,0,*5
126,JT Chargois,chargjt01,28,LAD,NL,2,0,0,0,0,0,0,0,0,0,0,0,0,,,,,,0,0,0,0,0,0,/1
127,Tyler Chatwood,chatwty01,29,CHC,NL,3,0,0,0,0,0,0,0,0,0,0,0,0,,,,,,0,0,0,0,0,0,/1
128,Jesse Chavez,chaveje01,35,TEX,AL,1,0,0,0,0,0,0,0,0,0,0,0,0,,,,,,0,0,0,0,0,0,/1
129,Wei-Yin Chen,chenwe02,33,MIA,NL,5,0,0,0,0,0,0,0,0,0,0,0,0,,,,,,0,0,0,0,0,0,/1
130,Robinson Chirinos,chiriro01,35,HOU,AL,14,50,40,6,9,5,0,2,6,0,0,7,13,.225,.347,.500,.847,130,20,1,1,1,1,0,*2
131,Yonny Chirinos,chiriyo01,25,TBR,AL,1,2,2,0,0,0,0,0,0,0,0,0,2,.000,.000,.000,.000,-100,0,0,0,0,0,0,/1
132,Ji-Man Choi,choiji01,28,TBR,AL,17,72,61,8,17,5,0,1,6,1,2,9,16,.279,.375,.410,.785,120,25,0,1,0,1,0,*3
133,Shin-Soo Choo,choosh01,36,TEX,AL,16,65,55,10,19,7,2,1,8,1,1,8,14,.345,.446,.600,1.046,171,33,0,2,0,0,0,/D79
134,Steve Cishek,cishest01,33,CHC,NL,5,1,1,0,0,0,0,0,0,0,0,0,0,.000,.000,.000,.000,-100,0,0,0,0,0,0,/1
135,Alex Claudio,claudal01,27,MIL,NL,9,0,0,0,0,0,0,0,0,0,0,0,0,,,,,,0,0,0,0,0,0,1
136,Tim Collins,colliti01,29,CHC,NL,3,0,0,0,0,0,0,0,0,0,0,0,0,,,,,,0,0,0,0,0,0,/1
137,Michael Conforto,confomi01,26,NYM,NL,18,83,71,16,23,7,0,5,11,2,0,10,17,.324,.422,.634,1.055,184,45,1,2,0,0,1,*9
138,Adam Conley,conlead01,29,MIA,NL,9,0,0,0,0,0,0,0,0,0,0,0,0,,,,,,0,0,0,0,0,0,/1
139,Willson Contreras,contrwi01,27,CHC,NL,16,59,47,13,15,3,0,6,12,0,1,9,15,.319,.458,.766,1.224,208,36,1,3,0,0,0,*2
140,Garrett Cooper,coopega03,28,MIA,NL,3,7,7,0,0,0,0,0,0,0,0,0,1,.000,.000,.000,.000,-100,0,0,0,0,0,0,/9
141,Patrick Corbin,corbipa01,29,WSN,NL,4,9,7,0,2,0,0,0,1,0,0,0,4,.286,.286,.286,.571,48,2,0,0,2,0,0,/1
142,Ryan Cordell,cordery01,27,CHW,AL,6,10,10,2,5,1,0,2,4,0,0,0,3,.500,.500,1.200,1.700,352,12,0,0,0,0,0,/9
143,Franchy Cordero,cordefr02,24,SDP,NL,9,20,15,2,5,1,0,0,1,1,0,4,7,.333,.450,.400,.850,134,6,0,0,0,1,0,/89
144,Carlos Correa,correca01,24,HOU,AL,15,63,55,6,15,5,0,2,7,1,0,7,15,.273,.365,.473,.838,129,26,1,1,0,0,0,*6
145,Zack Cozart,cozarza01,33,LAA,AL,18,52,49,2,5,1,0,0,2,0,0,2,8,.102,.154,.122,.276,-22,6,0,1,0,0,0,*5/46
146,Brandon Crawford,crawfbr01,32,SFG,NL,20,75,69,4,14,2,0,0,2,0,0,5,20,.203,.267,.232,.499,37,16,0,1,0,0,1,*6
147,Kyle Crick,crickky01,26,PIT,NL,2,0,0,0,0,0,0,0,0,0,0,0,0,,,,,,0,0,0,0,0,0,/1
148,C.J. Cron,croncj01,29,MIN,AL,15,51,48,5,11,2,0,2,7,0,0,3,11,.229,.275,.396,.670,80,19,1,0,0,0,0,*3
149,Nelson Cruz,cruzne02,38,MIN,AL,12,46,36,4,10,3,0,1,8,0,0,8,11,.278,.435,.444,.879,141,16,2,2,0,0,1,D
150,Noel Cuevas,cuevano01,27,COL,NL,1,2,2,0,0,0,0,0,0,0,0,0,0,.000,.000,.000,.000,-100,0,0,0,0,0,0,/7
151,Charlie Culberson,culbech01,30,ATL,NL,8,8,8,2,3,1,0,2,5,0,0,0,4,.375,.375,1.250,1.625,300,10,0,0,0,0,0,/5
152,Travis d'Arnaud,darnatr01,30,NYM,NL,5,16,14,2,1,0,0,0,2,0,0,2,1,.071,.188,.071,.259,-24,1,1,0,0,0,0,/2
153,David Dahl,dahlda01,25,COL,NL,11,43,38,5,13,3,1,2,6,0,1,4,13,.342,.395,.632,1.027,146,24,2,0,0,1,0,/78
154,Yu Darvish,darviyu01,32,CHC,NL,3,6,6,0,0,0,0,0,0,0,0,0,4,.000,.000,.000,.000,-100,0,0,0,0,0,0,/1
155,Zach Davies,davieza02,26,MIL,NL,5,9,8,0,1,0,0,0,0,0,0,1,4,.125,.222,.125,.347,-6,1,0,0,0,0,0,/1
156,Chris Davis,davisch02,33,BAL,AL,16,52,46,3,5,2,0,1,8,0,0,6,20,.109,.212,.217,.429,20,10,0,0,0,0,1,*3/D
157,J.D. Davis,davisjd01,26,NYM,NL,15,55,46,9,13,2,0,3,5,0,0,9,10,.283,.400,.522,.922,151,24,0,0,0,0,0,*5
158,Khris Davis,daviskh01,31,OAK,AL,20,82,77,12,20,1,0,10,20,0,0,4,17,.260,.305,.662,.967,160,51,2,1,0,0,2,*D
159,Wade Davis,daviswa01,33,COL,NL,5,0,0,0,0,0,0,0,0,0,0,0,0,,,,,,0,0,0,0,0,0,/1
160,Yonathan Daza,dazayo01,25,COL,NL,3,12,11,0,0,0,0,0,0,0,0,1,4,.000,.083,.000,.083,-76,0,0,0,0,0,0,/79
161,Chase De Jong,dejonch01,25,MIN,AL,1,0,0,0,0,0,0,0,0,0,0,0,0,,,,,,0,0,0,0,0,0,/1
162,Austin Dean,deanau01,25,MIA,NL,6,23,22,3,5,2,0,1,6,0,0,0,9,.227,.217,.455,.672,78,10,1,0,0,1,0,/97
163,Jacob deGrom,degroja01,31,NYM,NL,4,8,8,1,1,0,0,1,1,0,0,0,3,.125,.125,.500,.625,59,4,0,0,0,0,0,/1
164,Paul DeJong,dejonpa01,25,STL,NL,18,81,73,17,25,7,1,4,10,1,0,6,16,.342,.407,.630,1.038,171,46,0,2,0,0,0,*6
165,Daniel Descalso,descada01,32,CHC,NL,14,49,44,8,16,4,0,1,9,1,1,5,10,.364,.429,.523,.951,145,23,0,0,0,0,0,4/D
166,Anthony DeSclafani,desclan01,29,CIN,NL,3,4,4,0,0,0,0,0,0,0,0,0,3,.000,.000,.000,.000,-100,0,0,0,0,0,0,/1
167,Delino DeShields,deshide02,26,TEX,AL,16,57,45,7,9,1,0,1,7,6,1,10,10,.200,.357,.289,.646,73,13,1,1,1,0,0,*8
168,Ian Desmond,desmoia01,33,COL,NL,17,65,62,1,10,4,0,1,8,0,0,3,19,.161,.200,.274,.474,15,17,2,0,0,0,0,*8
169,Rafael Devers,deverra01,22,BOS,AL,19,75,65,10,17,3,0,0,2,2,0,8,13,.262,.351,.308,.659,81,20,0,1,1,0,0,*5
170,Aledmys Diaz,diazal02,28,HOU,AL,9,24,23,4,5,0,0,2,5,0,0,1,5,.217,.250,.478,.728,94,11,1,0,0,0,0,/346D
171,Edwin Diaz,diazed04,25,NYM,NL,8,0,0,0,0,0,0,0,0,0,0,0,0,,,,,,0,0,0,0,0,0,/1
172,Yandy Diaz,diazya01,27,TBR,AL,17,76,62,13,16,4,0,4,8,1,0,13,13,.258,.382,.516,.898,148,32,1,0,0,1,0,5/3D
173,Corey Dickerson,dickeco01,30,PIT,NL,4,16,13,1,2,1,0,1,2,0,0,3,3,.154,.313,.462,.774,103,6,1,0,0,0,0,/7
174,Derek Dietrich,dietrde01,29,CIN,NL,17,43,38,6,7,1,1,4,11,0,0,3,8,.184,.279,.579,.858,114,22,0,2,0,0,0,4/37
175,Wilmer Difo,difowi01,27,WSN,NL,15,55,48,7,11,1,0,2,5,0,0,6,13,.229,.315,.375,.690,77,18,0,0,1,0,1,*6/4
176,Seranthony Dominguez,dominse01,24,PHI,NL,7,1,1,0,0,0,0,0,0,0,0,0,1,.000,.000,.000,.000,-100,0,0,0,0,0,0,/1
177,Josh Donaldson,donaljo02,33,ATL,NL,18,76,63,12,15,5,0,2,3,0,0,13,20,.238,.368,.413,.781,106,26,3,0,0,0,0,*5
178,Sean Doolittle,doolise01,32,WSN,NL,9,1,1,0,0,0,0,0,0,0,0,0,1,.000,.000,.000,.000,-100,0,0,0,0,0,0,/1
179,Brian Dozier,doziebr01,32,WSN,NL,15,55,51,5,9,1,0,1,1,1,1,3,14,.176,.236,.255,.491,27,13,2,1,0,0,0,*4
180,Hunter Dozier,doziehu01,27,KCR,AL,17,71,61,9,17,2,0,5,10,0,1,8,15,.279,.366,.557,.924,148,34,0,1,0,1,1,*5
181,Brandon Drury,drurybr01,26,TOR,AL,17,68,64,3,9,2,1,0,0,0,0,4,27,.141,.191,.203,.394,10,13,1,0,0,0,0,*5
182,Lucas Duda,dudalu01,33,KCR,AL,14,43,34,3,6,1,0,2,8,0,0,8,10,.176,.326,.382,.708,93,13,1,0,0,1,1,/D3
183,Steven Duggar,duggast01,25,SFG,NL,19,86,80,8,19,5,0,3,10,1,2,3,27,.238,.267,.413,.680,79,33,0,1,0,2,0,*9/8
184,Zach Duke,dukeza01,36,CIN,NL,10,0,0,0,0,0,0,0,0,0,0,0,0,,,,,,0,0,0,0,0,0,1
185,Mike Dunn,dunnmi01,34,COL,NL,8,0,0,0,0,0,0,0,0,0,0,0,0,,,,,,0,0,0,0,0,0,/1
186,Jon Duplantier,duplajo01,24,ARI,NL,2,1,1,0,0,0,0,0,0,0,0,0,1,.000,.000,.000,.000,-100,0,0,0,0,0,0,/1
187,Jarrod Dyson,dysonja01,34,ARI,NL,15,43,37,7,10,1,0,2,5,3,1,6,9,.270,.372,.459,.832,112,17,0,0,0,0,0,*8
188,Sam Dyson,dysonsa01,31,SFG,NL,9,0,0,0,0,0,0,0,0,0,0,0,0,,,,,,0,0,0,0,0,0,/1
189,Adam Eaton,eatonad02,30,WSN,NL,16,78,69,12,22,3,0,1,6,3,1,7,14,.319,.397,.406,.803,108,28,1,2,0,0,0,*9
190,Carl Edwards Jr.,edwarca01,27,CHC,NL,3,0,0,0,0,0,0,0,0,0,0,0,0,,,,,,0,0,0,0,0,0,/1
191,Zach Eflin,eflinza01,25,PHI,NL,4,7,7,0,1,0,0,0,0,0,0,0,5,.143,.143,.143,.286,-25,1,0,0,0,0,0,/1
192,Jerad Eickhoff,eickhje01,28,PHI,NL,1,1,1,0,0,0,0,0,0,0,0,0,0,.000,.000,.000,.000,-100,0,0,0,0,0,0,/1
193,Edwin Encarnacion,encared01,36,SEA,AL,18,84,68,14,19,1,0,5,14,0,1,12,13,.279,.405,.515,.919,158,35,1,3,0,1,0,3/D
194,Adam Engel,engelad01,27,CHW,AL,14,28,25,3,3,2,0,1,1,0,1,2,10,.120,.185,.320,.505,37,8,1,0,1,0,0,*8
195,Robbie Erlin,erlinro01,28,SDP,NL,4,0,0,0,0,0,0,0,0,0,0,0,0,,,,,,0,0,0,0,0,0,/1
196,Phil Ervin,ervinph01,26,CIN,NL,2,2,2,1,1,0,1,0,0,0,0,0,1,.500,.500,1.500,2.000,389,3,0,0,0,0,0,/7
197,Eduardo Escobar,escobed01,30,ARI,NL,19,78,70,7,16,4,0,1,8,0,0,6,19,.229,.308,.329,.636,64,23,1,2,0,0,0,*5/4
198,Carlos Estevez,estevca01,26,COL,NL,7,0,0,0,0,0,0,0,0,0,0,0,0,,,,,,0,0,0,0,0,0,/1
199,Jeurys Familia,familje01,29,NYM,NL,9,0,0,0,0,0,0,0,0,0,0,0,0,,,,,,0,0,0,0,0,0,/1
200,Kyle Farmer,farmeky01,28,CIN,NL,11,18,17,2,2,0,0,2,5,0,0,0,5,.118,.167,.471,.637,56,8,0,1,0,0,0,/453
201,Caleb Ferguson,ferguca01,22,LAD,NL,9,0,0,0,0,0,0,0,0,0,0,0,0,,,,,,0,0,0,0,0,0,/1
202,Jack Flaherty,flaheja01,23,STL,NL,5,7,5,1,1,0,0,0,0,0,0,0,1,.200,.200,.200,.400,8,1,0,0,2,0,0,/1
203,David Fletcher,fletcda02,25,LAA,AL,18,60,56,7,15,4,0,1,4,2,0,4,3,.268,.317,.393,.710,95,22,1,0,0,0,1,/4756
204,Wilmer Flores,florewi01,27,ARI,NL,16,55,51,6,12,4,0,0,1,0,0,3,6,.235,.291,.314,.605,56,16,1,1,0,0,0,4/3
205,Dylan Floro,florody01,28,LAD,NL,8,0,0,0,0,0,0,0,0,0,0,0,0,,,,,,0,0,0,0,0,0,/1
206,Tyler Flowers,flowety01,33,ATL,NL,10,38,34,3,11,0,0,1,1,0,0,2,12,.324,.395,.412,.807,114,14,0,2,0,0,0,2
207,Wilmer Font,fontwi01,29,TBR,AL,1,0,0,0,0,0,0,0,0,0,0,0,0,,,,,,0,0,0,0,0,0,/1
208,Mike Ford,fordmi01,26,NYY,AL,1,4,3,0,0,0,0,0,0,0,0,1,2,.000,.250,.000,.250,-23,0,0,0,0,0,0,/D
209,Logan Forsythe,forsylo01,32,TEX,AL,11,45,37,8,9,3,0,0,3,0,0,6,8,.243,.364,.324,.688,83,12,0,1,0,0,0,/3465
210,Dexter Fowler,fowlede01,33,STL,NL,17,61,53,7,14,3,0,0,1,1,2,7,17,.264,.361,.321,.681,85,17,0,1,0,0,0,*9/8
211,Maikel Franco,francma02,26,PHI,NL,18,72,60,10,14,2,0,6,18,0,0,11,6,.233,.347,.567,.914,132,34,4,0,0,1,7,*5/3
212,Adam Frazier,fraziad01,27,PIT,NL,16,72,62,10,17,5,0,1,3,2,1,8,12,.274,.366,.403,.769,106,25,1,1,1,0,0,*4
213,Clint Frazier,frazicl01,24,NYY,AL,14,53,49,7,17,1,0,4,12,0,0,2,11,.347,.358,.612,.971,157,30,0,0,0,2,0,/7D
214,Kyle Freeland,freelky01,26,COL,NL,4,7,5,0,0,0,0,0,0,0,0,2,3,.000,.286,.000,.286,-19,0,0,0,0,0,0,/1
215,Freddie Freeman,freemfr01,29,ATL,NL,18,83,68,16,22,6,0,2,9,0,1,14,13,.324,.446,.500,.946,150,34,1,1,0,0,1,*3
216,Mike Freeman,freemmi01,31,CLE,AL,2,6,5,0,1,0,0,0,1,0,0,1,2,.200,.333,.200,.533,50,1,0,0,0,0,0,/6
217,David Freese,freesda01,36,LAD,NL,15,31,25,5,7,4,0,1,5,0,0,6,6,.280,.419,.560,.979,158,14,1,0,0,0,0,/3
218,David Freitas,freitda01,30,SEA,AL,1,4,2,1,0,0,0,0,1,0,0,1,0,.000,.250,.000,.250,-20,0,0,0,0,1,0,/2
219,Max Fried,friedma01,25,ATL,NL,5,7,5,1,1,0,0,0,0,0,0,0,1,.200,.200,.200,.400,6,1,0,0,2,0,0,/1
220,Josh Fuentes,fuentjo01,26,COL,NL,9,18,18,2,2,0,0,0,0,0,0,0,8,.111,.111,.111,.222,-45,2,0,0,0,0,0,/35
221,Drew Gagnon,gagnodr01,29,NYM,NL,1,3,2,0,0,0,0,0,0,0,0,0,0,.000,.000,.000,.000,-100,0,1,0,1,0,0,/1
222,Rocky Gale,galero01,31,LAD,NL,2,8,8,1,1,0,0,0,0,0,0,0,4,.125,.125,.125,.250,-33,1,1,0,0,0,0,/2
223,Cam Gallagher,gallaca01,26,KCR,AL,5,14,14,0,2,0,0,0,1,0,0,0,0,.143,.143,.143,.286,-21,2,0,0,0,0,0,/2
224,Giovanny Gallegos,gallegi01,27,STL,NL,3,2,2,0,0,0,0,0,0,0,0,0,1,.000,.000,.000,.000,-100,0,0,0,0,0,0,/1
225,Joey Gallo,gallojo01,25,TEX,AL,15,64,53,13,12,2,0,6,15,0,0,11,23,.226,.359,.604,.963,146,32,0,0,0,0,0,*7/8D
226,Isaac Galloway,gallois01,29,MIA,NL,2,8,8,0,2,0,0,0,0,0,0,0,1,.250,.250,.250,.500,39,2,0,0,0,0,0,/89
227,Freddy Galvis,galvifr01,29,TOR,AL,20,78,75,10,24,4,0,5,11,1,1,3,17,.320,.346,.573,.919,150,43,3,0,0,0,0,*6
228,Ben Gamel,gamelbe01,27,MIL,NL,16,40,34,5,8,3,0,0,2,0,0,5,11,.235,.350,.324,.674,77,11,0,1,0,0,1,/789
229,John Gant,gantjo01,26,STL,NL,10,1,1,0,0,0,0,0,0,0,0,0,1,.000,.000,.000,.000,-100,0,0,0,0,0,0,1
230,Avisail Garcia,garciav01,28,TBR,AL,16,66,61,8,19,3,0,3,8,2,0,4,18,.311,.364,.508,.872,141,31,0,1,0,0,1,9/D
231,Greg Garcia,garcigr01,29,SDP,NL,11,17,15,2,3,2,0,0,0,0,0,2,3,.200,.294,.333,.627,70,5,0,0,0,0,0,/43
232,Jarlin Garcia,garcija04,26,MIA,NL,1,0,0,0,0,0,0,0,0,0,0,0,0,,,,,,0,0,0,0,0,0,/1
233,Leury Garcia,garcile02,28,CHW,AL,16,75,71,12,19,5,0,1,7,4,0,4,21,.268,.307,.380,.687,90,27,0,0,0,0,0,*89/6
234,Luis Garcia,garcilu03,32,LAA,AL,1,0,0,0,0,0,0,0,0,0,0,0,0,,,,,,0,0,0,0,0,0,/1
235,Yimi Garcia,garciyi01,28,LAD,NL,10,0,0,0,0,0,0,0,0,0,0,0,0,,,,,,0,0,0,0,0,0,1
236,Brett Gardner,gardnbr01,35,NYY,AL,18,77,68,12,13,3,0,4,8,2,1,8,9,.191,.286,.412,.697,86,28,1,1,0,0,0,*8/D
237,Amir Garrett,garream01,27,CIN,NL,10,0,0,0,0,0,0,0,0,0,0,0,0,,,,,,0,0,0,0,0,0,1
238,Mitch Garver,garvemi01,28,MIN,AL,9,29,27,8,11,3,0,3,5,0,0,2,5,.407,.448,.852,1.300,243,23,1,0,0,0,0,/2
239,Kevin Gausman,gausmke01,28,ATL,NL,3,7,7,0,1,0,0,0,0,0,0,0,5,.143,.143,.143,.286,-24,1,0,0,0,0,0,/1
240,Kyle Gibson,gibsoky01,31,MIN,AL,1,2,1,0,0,0,0,0,0,0,0,0,1,.000,.000,.000,.000,-100,0,0,0,1,0,0,/1
241,Ken Giles,gileske01,28,TOR,AL,1,0,0,0,0,0,0,0,0,0,0,0,0,,,,,,0,0,0,0,0,0,1
242,Tyler Glasnow,glasnty01,25,TBR,AL,1,2,2,0,0,0,0,0,0,0,0,0,1,.000,.000,.000,.000,-100,0,0,0,0,0,0,/1
243,Zack Godley,godleza01,29,ARI,NL,4,9,9,2,3,0,0,0,1,0,0,0,3,.333,.333,.333,.667,72,3,0,0,0,0,0,/1
244,Paul Goldschmidt,goldspa01,31,STL,NL,18,83,71,14,17,2,0,7,12,0,0,12,25,.239,.349,.563,.913,138,40,0,0,0,0,1,*3
245,Yan Gomes,gomesya01,31,WSN,NL,11,44,40,3,9,2,0,1,6,0,0,3,14,.225,.295,.350,.645,66,14,1,1,0,0,0,2
246,Carlos Gonzalez,gonzaca01,33,CLE,AL,3,14,14,3,3,0,0,0,0,0,0,0,5,.214,.214,.214,.429,16,3,0,0,0,0,0,/7
247,Erik Gonzalez,gonzaer01,27,PIT,NL,15,56,48,2,10,2,1,0,2,2,0,6,12,.208,.296,.292,.588,59,14,1,0,2,0,3,*6
248,Marwin Gonzalez,gonzama01,30,MIN,AL,14,49,44,3,9,1,0,1,4,0,0,5,12,.205,.286,.295,.581,59,13,0,0,0,0,0,*5/3
249,Niko Goodrum,goodrni01,27,DET,AL,16,63,54,7,15,7,0,1,6,1,1,9,15,.278,.381,.463,.844,128,25,0,0,0,0,0,/38D794
250,Brian Goodwin,goodwbr01,28,LAA,AL,16,54,47,11,15,3,0,2,7,0,0,5,13,.319,.389,.511,.900,146,24,1,1,0,1,1,*7/89D
251,Alex Gordon,gordoal01,35,KCR,AL,18,80,67,13,22,7,0,3,16,0,0,7,9,.328,.413,.567,.980,165,38,1,4,0,2,0,*7
252,Dee Gordon,gordode01,31,SEA,AL,21,82,73,10,21,1,1,1,11,8,1,5,12,.288,.325,.370,.695,96,27,0,0,2,2,0,*4
253,Terrance Gore,gorete01,28,KCR,AL,8,9,9,4,4,1,1,0,1,4,1,0,3,.444,.444,.778,1.222,225,7,0,0,0,0,0,/987
254,Trevor Gott,gotttr01,26,SFG,NL,9,0,0,0,0,0,0,0,0,0,0,0,0,,,,,,0,0,0,0,0,0,/1
255,Matt Grace,gracema02,30,WSN,NL,10,0,0,0,0,0,0,0,0,0,0,0,0,,,,,,0,0,0,0,0,0,1
256,Yasmani Grandal,grandya01,30,MIL,NL,18,67,60,13,21,2,0,5,10,1,0,5,15,.350,.403,.633,1.036,163,38,1,1,0,1,0,*2
257,Curtis Granderson,grandcu01,38,MIA,NL,16,56,47,4,7,1,0,2,4,0,1,8,18,.149,.268,.298,.566,56,14,0,0,0,1,0,*7
258,Jon Gray,grayjo02,27,COL,NL,5,10,9,0,1,0,0,0,0,0,0,0,6,.111,.111,.111,.222,-45,1,0,0,1,0,0,/1
259,Sonny Gray,grayso01,29,CIN,NL,4,5,5,0,0,0,0,0,0,0,0,0,2,.000,.000,.000,.000,-100,0,0,0,0,0,0,/1
260,Grayson Greiner,greingr01,26,DET,AL,13,53,50,4,11,2,0,0,3,0,0,2,12,.220,.264,.260,.524,44,13,1,1,0,0,0,*2
261,Zack Greinke,greinza01,35,ARI,NL,4,10,9,4,4,1,0,2,4,0,0,1,0,.444,.500,1.222,1.722,319,11,0,0,0,0,0,/1
262,Randal Grichuk,grichra01,27,TOR,AL,20,80,71,15,17,6,0,4,7,0,0,8,24,.239,.325,.493,.818,124,35,3,1,0,0,0,*8/9D
263,Robbie Grossman,grossro01,29,OAK,AL,14,58,53,7,13,2,0,1,5,2,1,5,12,.245,.310,.340,.650,82,18,1,0,0,0,0,*7
264,Robert Gsellman,gsellro01,25,NYM,NL,9,0,0,0,0,0,0,0,0,0,0,0,0,,,,,,0,0,0,0,0,0,/1
265,Junior Guerra,guerrju02,34,MIL,NL,7,0,0,0,0,0,0,0,0,0,0,0,0,,,,,,0,0,0,0,0,0,/1
266,Tayron Guerrero,guerrta01,28,MIA,NL,9,0,0,0,0,0,0,0,0,0,0,0,0,,,,,,0,0,0,0,0,0,/1
267,Luis Guillorme,guilllu01,24,NYM,NL,8,10,9,2,1,0,0,0,0,0,0,1,4,.111,.200,.111,.311,-11,1,0,0,0,0,0,/46
268,Lourdes Gurriel Jr.,gurrilo01,25,TOR,AL,13,44,40,2,7,4,0,0,7,1,1,3,12,.175,.250,.275,.525,47,11,2,1,0,0,0,/43D
269,Yuli Gurriel,gourryu01,35,HOU,AL,17,71,65,7,20,7,1,1,7,0,2,5,8,.308,.352,.492,.844,130,32,1,0,0,1,0,*3/54
270,Ronald Guzman,guzmaro01,24,TEX,AL,9,28,26,4,6,4,0,2,4,0,1,2,10,.231,.286,.615,.901,127,16,2,0,0,0,0,/3
271,Jedd Gyorko,gyorkje01,30,STL,NL,7,10,8,2,1,0,0,0,1,0,0,2,4,.125,.300,.125,.425,21,1,0,0,0,0,0,/5
272,Josh Hader,haderjo01,25,MIL,NL,7,1,1,0,0,0,0,0,0,0,0,0,0,.000,.000,.000,.000,-100,0,0,0,0,0,0,/1
273,Cole Hamels,hamelco01,35,CHC,NL,3,9,8,0,0,0,0,0,1,0,0,0,1,.000,.000,.000,.000,-100,0,0,0,0,1,0,/1
274,Billy Hamilton,hamilbi02,28,KCR,AL,16,57,50,9,12,0,0,0,1,4,1,6,11,.240,.316,.240,.556,56,12,0,0,0,1,0,*8
275,Garrett Hampson,hampsga01,24,COL,NL,18,63,59,7,11,1,1,1,3,1,1,2,16,.186,.210,.288,.498,20,17,0,0,1,1,0,*4/876
276,Mitch Haniger,hanigmi01,28,SEA,AL,21,99,90,21,24,9,1,5,15,2,0,4,28,.267,.313,.556,.869,138,50,1,3,0,2,0,*9/8D
277,Alen Hanson,hansoal01,26,TOR,AL,10,31,28,2,5,0,0,0,3,0,0,1,11,.179,.226,.179,.404,15,5,0,1,0,1,1,/43D79
278,Bryce Harper,harpebr03,26,PHI,NL,18,82,64,12,16,4,0,4,10,1,0,17,24,.250,.415,.500,.915,137,32,1,1,0,0,4,*9
279,Ryne Harper,harpery01,30,MIN,AL,3,0,0,0,0,0,0,0,0,0,0,0,0,,,,,,0,0,0,0,0,0,/1
280,Josh Harrison,harrijo05,31,DET,AL,16,74,66,4,8,2,0,0,2,2,0,5,13,.121,.203,.152,.354,-1,10,0,2,0,1,0,*4
281,Ryon Healy,healyry01,27,SEA,AL,22,90,82,15,19,9,0,5,17,0,0,6,18,.232,.278,.524,.802,119,43,1,0,0,2,0,*5/3
282,Austin Hedges,hedgeau01,26,SDP,NL,13,47,43,2,8,1,0,2,6,0,0,2,13,.186,.255,.349,.604,61,15,1,2,0,0,1,*2
283,Jeremy Hellickson,hellije01,32,WSN,NL,3,5,3,2,1,0,0,0,0,0,0,1,1,.333,.500,.333,.833,122,1,0,0,1,0,0,/1
284,Ryan Helsley,helslry01,24,STL,NL,1,1,1,0,1,0,0,0,0,0,0,0,0,1.000,1.000,1.000,2.000,439,1,0,0,0,0,0,/1
285,Kyle Hendricks,hendrky01,29,CHC,NL,3,5,4,1,1,0,0,0,0,0,0,1,2,.250,.400,.250,.650,75,1,0,0,0,0,0,/1
286,Guillermo Heredia,heredgu01,28,TBR,AL,11,17,13,1,4,1,0,1,5,0,0,2,3,.308,.400,.615,1.015,179,8,1,0,2,0,0,/897
287,Cesar Hernandez,hernace02,29,PHI,NL,17,73,63,10,17,2,1,2,8,2,0,9,8,.270,.356,.429,.785,104,27,1,0,0,1,1,*4
288,David Hernandez,hernada01,34,CIN,NL,8,0,0,0,0,0,0,0,0,0,0,0,0,,,,,,0,0,0,0,0,0,/1
289,Enrique Hernandez,hernaen02,27,LAD,NL,19,74,64,12,18,4,0,4,11,0,0,9,14,.281,.365,.531,.896,134,34,0,0,0,1,1,*4/96
290,Teoscar Hernandez,hernate01,26,TOR,AL,19,73,64,8,16,2,1,2,12,1,1,8,16,.250,.329,.406,.735,104,26,1,0,0,1,1,*7/D
291,Odubel Herrera,herreod01,27,PHI,NL,17,69,63,7,17,4,0,1,7,0,1,5,12,.270,.319,.381,.700,82,24,0,0,0,1,0,*8
292,Rosell Herrera,herrero02,26,MIA,NL,19,45,42,2,6,2,0,0,2,3,1,2,9,.143,.200,.190,.390,9,8,2,1,0,0,0,*/798
293,Jason Heyward,heywaja01,29,CHC,NL,15,63,51,14,18,1,0,4,11,3,0,10,6,.353,.444,.608,1.052,168,31,5,0,0,2,1,*9/8
294,John Hicks,hicksjo02,29,DET,AL,10,38,36,2,7,3,0,1,3,1,0,2,11,.194,.237,.361,.598,59,13,1,0,0,0,0,/32
295,Jordan Hicks,hicksjo03,22,STL,NL,7,0,0,0,0,0,0,0,0,0,0,0,0,,,,,,0,0,0,0,0,0,/1
296,Kyle Higashioka,higasky01,29,NYY,AL,2,6,5,0,1,0,0,0,1,0,0,0,0,.200,.167,.200,.367,-1,1,1,0,0,1,0,/2
297,Trevor Hildenberger,hildetr01,28,MIN,AL,4,0,0,0,0,0,0,0,0,0,0,0,0,,,,,,0,0,0,0,0,0,/1
298,Yoshihisa Hirano,hiranyo01,35,ARI,NL,10,0,0,0,0,0,0,0,0,0,0,0,0,,,,,,0,0,0,0,0,0,1
299,Derek Holland,hollade01,32,SFG,NL,6,7,6,0,0,0,0,0,0,0,0,0,5,.000,.000,.000,.000,-100,0,0,0,1,0,0,/1
300,Greg Holland,hollagr01,33,ARI,NL,7,0,0,0,0,0,0,0,0,0,0,0,0,,,,,,0,0,0,0,0,0,/1
301,Brock Holt,holtbr01,31,BOS,AL,6,19,16,0,1,0,0,0,1,0,0,2,7,.063,.211,.063,.273,-20,1,0,1,0,0,0,/46
302,Rhys Hoskins,hoskirh01,26,PHI,NL,17,78,62,14,15,4,0,5,16,0,1,14,21,.242,.397,.548,.946,143,34,0,2,0,0,0,*3
303,Eric Hosmer,hosmeer01,29,SDP,NL,19,78,71,7,14,3,0,1,8,0,0,7,17,.197,.269,.282,.551,50,20,1,0,0,0,1,*3
304,Dakota Hudson,hudsoda02,24,STL,NL,4,6,4,0,0,0,0,0,0,0,0,0,2,.000,.000,.000,.000,-100,0,0,0,2,0,0,/1
305,Jared Hughes,hugheja02,33,CIN,NL,9,0,0,0,0,0,0,0,0,0,0,0,0,,,,,,0,0,0,0,0,0,/1
306,Nick Hundley,hundlni01,35,OAK,AL,11,30,29,0,3,0,0,0,1,0,0,0,8,.103,.133,.103,.237,-32,3,5,1,0,0,0,2
307,Chris Iannetta,iannech01,36,COL,NL,10,33,29,2,6,2,0,1,2,0,0,3,14,.207,.303,.379,.682,66,11,1,1,0,0,0,2
308,Jose Iglesias,iglesjo01,29,CIN,NL,16,44,40,2,10,3,0,1,2,0,2,4,9,.250,.318,.400,.718,86,16,1,0,0,0,2,*6
309,Raisel Iglesias,iglesra01,29,CIN,NL,7,0,0,0,0,0,0,0,0,0,0,0,0,,,,,,0,0,0,0,0,0,/1
310,Ender Inciarte,inciaen01,28,ATL,NL,17,66,59,5,12,2,1,1,2,2,1,6,14,.203,.288,.322,.610,61,19,0,1,0,0,0,*8
311,Alex Jackson,jacksal02,23,ATL,NL,3,11,10,0,0,0,0,0,0,0,0,1,3,.000,.091,.000,.091,-72,0,1,0,0,0,1,/2
312,Drew Jackson,jacksdr01,25,BAL,AL,3,4,3,0,0,0,0,0,0,0,0,1,1,.000,.250,.000,.250,-21,0,0,0,0,0,0,/87
313,Luke Jackson,jackslu01,27,ATL,NL,9,0,0,0,0,0,0,0,0,0,0,0,0,,,,,,0,0,0,0,0,0,/1
314,Danny Jansen,janseda01,24,TOR,AL,15,55,50,3,8,1,0,0,1,0,0,4,16,.160,.236,.180,.416,19,9,1,1,0,0,0,*2/D
315,Kenley Jansen,janseke01,31,LAD,NL,9,1,1,0,0,0,0,0,0,0,0,0,1,.000,.000,.000,.000,-100,0,0,0,0,0,0,/1
316,Jeremy Jeffress,jeffrje01,31,MIL,NL,2,0,0,0,0,0,0,0,0,0,0,0,0,,,,,,0,0,0,0,0,0,/1
317,Jake Jewell,jewelja01,26,LAA,AL,2,0,0,0,0,0,0,0,0,0,0,0,0,,,,,,0,0,0,0,0,0,/1
318,Eloy Jimenez,jimenel02,22,CHW,AL,18,75,69,6,18,2,0,3,8,0,0,5,22,.261,.320,.420,.740,104,29,0,1,0,0,0,*7
319,Connor Joe,joeco01,26,SFG,NL,8,16,15,1,1,0,0,0,0,0,0,1,5,.067,.125,.067,.192,-46,1,1,0,0,0,0,/7
320,Brian Johnson,johnsbr02,28,BOS,AL,1,0,0,0,0,0,0,0,0,0,0,0,0,,,,,,0,0,0,0,0,0,/1
321,DJ Johnson,johnsdj01,29,COL,NL,8,0,0,0,0,0,0,0,0,0,0,0,0,,,,,,0,0,0,0,0,0,/1
322,Adam Jones,jonesad01,33,ARI,NL,19,86,75,11,24,6,0,5,13,0,1,7,12,.320,.400,.600,1.000,151,45,1,3,0,0,1,*9
323,JaCoby Jones,jonesja07,27,DET,AL,6,23,20,2,4,0,0,0,0,1,0,0,3,.200,.304,.200,.504,42,4,0,3,0,0,0,/8
324,Caleb Joseph,josepca01,33,ARI,NL,3,6,6,1,0,0,0,0,0,0,0,0,0,.000,.000,.000,.000,-100,0,0,0,0,0,0,/2
325,Matthew Joyce,joycema01,34,ATL,NL,12,13,11,1,2,1,0,1,2,0,0,2,6,.182,.308,.545,.853,118,6,0,0,0,0,0,/9
326,Aaron Judge,judgeaa01,27,NYY,AL,18,81,66,11,18,1,0,4,10,2,1,13,26,.273,.395,.470,.865,134,31,1,1,0,1,1,*9
327,Jung Ho Kang,kangju01,32,PIT,NL,15,50,46,2,6,2,0,2,6,0,0,4,19,.130,.200,.304,.504,32,14,2,0,0,0,0,*5
328,Keone Kela,kelake01,26,PIT,NL,7,0,0,0,0,0,0,0,0,0,0,0,0,,,,,,0,0,0,0,0,0,/1
329,Shawn Kelley,kellesh01,35,TEX,AL,1,0,0,0,0,0,0,0,0,0,0,0,0,,,,,,0,0,0,0,0,0,/1
330,Carson Kelly,kellyca02,24,ARI,NL,12,36,34,3,8,5,0,0,6,0,0,1,9,.235,.278,.382,.660,67,13,1,1,0,0,0,2
331,Joe Kelly,kellyjo05,31,LAD,NL,8,2,1,0,0,0,0,0,0,0,0,0,1,.000,.000,.000,.000,-100,0,0,0,1,0,0,/1
332,Merrill Kelly,kellyme01,30,ARI,NL,3,7,5,0,0,0,0,0,0,0,0,1,1,.000,.167,.000,.167,-51,0,0,0,1,0,0,/1
333,Matt Kemp,kempma01,34,CIN,NL,17,52,51,3,11,1,0,1,5,0,0,0,14,.216,.212,.294,.506,30,15,2,0,0,1,0,*7
334,Tony Kemp,kempto01,27,HOU,AL,11,33,28,5,5,0,0,1,2,1,0,4,6,.179,.303,.286,.589,65,8,1,1,0,0,0,/D87
335,Howie Kendrick,kendrho01,35,WSN,NL,10,27,21,9,10,3,0,3,6,0,0,5,4,.476,.556,1.048,1.603,298,22,1,0,0,1,0,/45
336,Max Kepler,keplema01,26,MIN,AL,15,69,62,8,15,3,0,3,8,0,2,7,14,.242,.319,.435,.754,103,27,2,0,0,0,0,*9/8
337,Clayton Kershaw,kershcl01,31,LAD,NL,1,3,2,0,0,0,0,0,0,0,0,0,0,.000,.000,.000,.000,-100,0,0,0,1,0,0,/1
338,Kevin Kiermaier,kiermke01,29,TBR,AL,18,70,64,13,18,6,2,2,10,3,2,5,16,.281,.329,.531,.860,135,34,1,0,0,1,0,*8
339,Isiah Kiner-Falefa,kineris01,24,TEX,AL,9,36,29,5,8,1,0,0,5,0,0,5,7,.276,.400,.310,.710,91,9,0,1,1,0,0,/2
340,Scott Kingery,kingesc01,25,PHI,NL,13,32,29,5,12,4,0,2,6,1,0,1,5,.414,.469,.759,1.227,212,22,0,2,0,0,0,/6547
341,Nick Kingham,kinghni01,27,PIT,NL,3,0,0,0,0,0,0,0,0,0,0,0,0,,,,,,0,0,0,0,0,0,/1
342,Tyler Kinley,kinlety01,28,MIA,NL,9,0,0,0,0,0,0,0,0,0,0,0,0,,,,,,0,0,0,0,0,0,/1
343,Ian Kinsler,kinslia01,37,SDP,NL,18,62,55,5,8,2,0,1,1,1,1,7,12,.145,.242,.236,.478,31,13,2,0,0,0,0,*4
344,Brandon Kintzler,kintzbr01,34,CHC,NL,7,0,0,0,0,0,0,0,0,0,0,0,0,,,,,,0,0,0,0,0,0,/1
345,Jason Kipnis,kipnija01,32,CLE,AL,3,12,11,1,3,1,0,0,1,1,0,1,1,.273,.333,.364,.697,88,4,0,0,0,0,0,/4
346,Andrew Knapp,knappan01,27,PHI,NL,9,17,15,0,2,1,0,0,0,0,0,2,7,.133,.235,.200,.435,16,3,0,0,0,0,0,/23
347,Matt Koch,kochma01,28,ARI,NL,5,3,3,0,0,0,0,0,0,0,0,0,2,.000,.000,.000,.000,-100,0,0,0,0,0,0,/1
348,Adam Kolarek,kolarad01,30,TBR,AL,2,0,0,0,0,0,0,0,0,0,0,0,0,,,,,,0,0,0,0,0,0,1/3
349,Erik Kratz,kratzer01,39,SFG,NL,8,26,22,0,3,2,0,0,2,0,0,2,2,.136,.269,.227,.497,37,5,0,2,0,0,0,/2
350,Tommy La Stella,lasteto01,30,LAA,AL,18,62,53,9,12,1,0,4,10,0,0,8,4,.226,.328,.472,.800,117,25,1,0,0,0,0,*4
351,Juan Lagares,lagarju01,30,NYM,NL,16,36,32,4,7,1,0,1,5,2,0,3,12,.219,.306,.344,.649,78,11,0,1,0,0,0,*8
352,Jake Lamb,lambja01,28,ARI,NL,5,18,15,1,4,1,0,0,2,0,0,3,6,.267,.389,.333,.722,89,5,0,0,0,0,1,/35
353,Eric Lauer,lauerer01,24,SDP,NL,4,6,5,0,0,0,0,0,0,0,0,0,4,.000,.000,.000,.000,-100,0,0,0,1,0,0,/1
354,Ramon Laureano,laurera01,24,OAK,AL,20,74,70,10,17,1,0,3,8,1,1,3,21,.243,.284,.386,.669,85,27,0,1,0,0,0,*8
355,Jose Leclerc,leclejo01,25,TEX,AL,2,0,0,0,0,0,0,0,0,0,0,0,0,,,,,,0,0,0,0,0,0,/1
356,DJ LeMahieu,lemahdj01,30,NYY,AL,17,68,61,10,20,5,0,0,8,0,0,5,10,.328,.382,.410,.792,116,25,0,1,0,1,0,4/5
357,Sandy Leon,leonsa01,30,BOS,AL,1,3,3,0,0,0,0,0,0,0,0,0,2,.000,.000,.000,.000,-100,0,0,0,0,0,0,/2
358,Dominic Leone,leonedo01,27,STL,NL,9,0,0,0,0,0,0,0,0,0,0,0,0,,,,,,0,0,0,0,0,0,/1
359,Jon Lester,lestejo01,35,CHC,NL,3,5,3,1,2,1,0,0,2,0,0,2,1,.667,.800,1.000,1.800,362,3,0,0,0,0,0,/1
360,Tzu-Wei Lin,lintz02,25,BOS,AL,1,1,1,0,0,0,0,0,0,0,0,0,0,.000,.000,.000,.000,-100,0,0,0,0,0,0,
361,Francisco Liriano,liriafr01,35,PIT,NL,5,0,0,0,0,0,0,0,0,0,0,0,0,,,,,,0,0,0,0,0,0,/1
362,Tim Locastro,locasti01,26,ARI,NL,9,16,11,4,4,0,0,0,0,2,0,2,5,.364,.563,.364,.926,147,4,0,3,0,0,0,/879
363,Evan Longoria,longoev01,33,SFG,NL,19,76,73,7,16,3,1,2,6,1,0,2,16,.219,.250,.370,.620,64,27,1,1,0,0,0,*5
364,Pablo Lopez,lopezpa01,23,MIA,NL,5,6,6,0,1,0,0,0,0,0,0,0,3,.167,.167,.167,.333,-7,1,0,0,0,0,0,/1
365,Yoan Lopez,lopezyo01,26,ARI,NL,10,0,0,0,0,0,0,0,0,0,0,0,0,,,,,,0,0,0,0,0,0,1
366,Michael Lorenzen,lorenmi01,27,CIN,NL,12,6,5,2,1,1,0,0,1,0,0,1,2,.200,.333,.400,.733,90,2,0,0,0,0,0,/18
367,Aaron Loup,loupaa01,31,SDP,NL,4,0,0,0,0,0,0,0,0,0,0,0,0,,,,,,0,0,0,0,0,0,/1
368,Brandon Lowe,lowebr01,24,TBR,AL,18,72,65,10,18,4,0,5,13,2,0,6,25,.277,.333,.569,.903,146,37,1,0,0,1,0,*4/D
369,Joey Lucchesi,lucchjo01,26,SDP,NL,4,6,6,0,0,0,0,0,0,0,0,0,4,.000,.000,.000,.000,-100,0,0,0,0,0,0,/1
370,Jonathan Lucroy,lucrojo01,33,LAA,AL,17,58,55,6,16,1,0,0,6,0,0,3,6,.291,.328,.309,.637,78,17,3,0,0,0,0,*2/D
371,Seth Lugo,lugose01,29,NYM,NL,8,0,0,0,0,0,0,0,0,0,0,0,0,,,,,,0,0,0,0,0,0,/1
372,Jordan Luplow,luplojo01,25,CLE,AL,7,17,15,2,3,0,0,0,0,0,0,2,8,.200,.294,.200,.494,38,3,0,0,0,0,0,/97
373,Jordan Lyles,lylesjo01,28,PIT,NL,2,4,3,1,0,0,0,0,0,0,0,0,1,.000,.250,.000,.250,-23,0,1,1,0,0,0,/1
374,Lance Lynn,lynnla01,32,TEX,AL,1,2,2,0,0,0,0,0,0,0,0,0,2,.000,.000,.000,.000,-100,0,0,0,0,0,0,/1
375,Manny Machado,machama01,26,SDP,NL,19,78,67,11,17,2,0,4,9,1,0,10,18,.254,.359,.463,.822,120,31,3,1,0,0,0,*5
376,Kenta Maeda,maedake01,31,LAD,NL,4,11,9,2,2,2,0,0,0,0,0,0,3,.222,.222,.444,.667,71,4,0,0,2,0,0,/1
377,Tyler Mahle,mahlety01,24,CIN,NL,4,5,4,1,1,1,0,0,0,0,0,0,2,.250,.250,.500,.750,88,2,0,0,1,0,0,/1
378,Mikie Mahtook,mahtomi01,29,DET,AL,9,25,23,0,0,0,0,0,0,0,0,2,11,.000,.080,.000,.080,-75,0,0,0,0,0,0,/8D7
379,Luke Maile,mailelu01,28,TOR,AL,8,25,23,3,5,1,0,1,2,0,0,2,8,.217,.280,.391,.671,84,9,0,0,0,0,0,/2
380,Martin Maldonado,maldoma01,32,KCR,AL,15,57,50,5,9,3,0,0,0,0,0,4,9,.180,.268,.240,.508,41,12,2,2,1,0,0,*2
381,Trey Mancini,mancitr01,27,BAL,AL,20,89,80,19,27,7,0,6,12,0,0,8,20,.338,.393,.650,1.043,182,52,0,0,0,1,0,*9/3D7
382,Nick Margevicius,margeni01,23,SDP,NL,4,6,5,0,1,0,0,0,0,0,0,0,1,.200,.200,.200,.400,9,1,0,0,1,0,0,/1
383,Manuel Margot,margoma01,24,SDP,NL,20,60,59,7,17,5,0,2,7,1,0,1,10,.288,.300,.475,.775,105,28,0,0,0,0,0,*8
384,Jake Marisnick,marisja01,28,HOU,AL,13,30,27,5,9,2,0,1,2,0,2,3,8,.333,.400,.519,.919,151,14,1,0,0,0,0,8
385,Nick Markakis,markani01,35,ATL,NL,18,72,63,13,20,4,0,2,13,0,0,8,11,.317,.389,.476,.865,127,30,3,0,0,1,0,*9
386,German Marquez,marquge01,24,COL,NL,4,8,7,0,1,0,0,0,0,0,0,0,2,.143,.143,.143,.286,-29,1,0,0,1,0,0,/1
387,Ketel Marte,marteke01,25,ARI,NL,18,79,76,9,18,3,1,4,14,2,0,2,16,.237,.253,.461,.714,77,35,1,0,0,1,0,48/6
388,Starling Marte,martest01,30,PIT,NL,15,70,65,8,14,4,1,2,9,3,1,2,13,.215,.261,.400,.661,73,26,3,2,1,0,0,*8
389,Chris Martin,martich02,33,TEX,AL,1,0,0,0,0,0,0,0,0,0,0,0,0,,,,,,0,0,0,0,0,0,/1
390,Jason Martin,martija03,23,PIT,NL,10,23,21,3,7,2,0,0,2,2,0,2,5,.333,.391,.429,.820,120,9,0,0,0,0,0,/7
391,Leonys Martin,martile01,31,CLE,AL,17,73,62,7,16,4,0,3,5,1,2,10,21,.258,.370,.468,.838,124,29,1,1,0,0,0,*8
392,Richie Martin,martiri01,24,BAL,AL,18,52,46,5,7,1,1,0,1,1,0,5,18,.152,.250,.217,.467,32,10,1,1,0,0,0,*6
393,Russell Martin,martiru01,36,LAD,NL,6,22,15,7,5,1,0,1,2,0,0,5,3,.333,.500,.600,1.100,191,9,0,1,0,1,0,/21
394,J.D. Martinez,martijd02,31,BOS,AL,19,80,71,10,25,5,0,4,10,0,0,8,9,.352,.425,.592,1.017,171,42,0,1,0,0,2,D/97
395,Jose Martinez,martijo08,30,STL,NL,18,38,38,4,10,2,0,0,5,0,0,0,10,.263,.263,.316,.579,54,12,2,0,0,0,0,/97
396,Jeff Mathis,mathije01,36,TEX,AL,8,28,27,3,3,0,0,1,1,0,0,1,11,.111,.143,.222,.365,-6,6,0,0,0,0,0,/2
397,Phil Maton,matonph01,26,SDP,NL,5,1,1,0,0,0,0,0,0,0,0,0,0,.000,.000,.000,.000,-100,0,0,0,0,0,0,/1
398,Steven Matz,matzst01,28,NYM,NL,4,6,5,0,0,0,0,0,0,0,0,0,2,.000,.000,.000,.000,-100,0,0,0,1,0,0,/1
399,Trevor May,maytr01,29,MIN,AL,4,0,0,0,0,0,0,0,0,0,0,0,0,,,,,,0,0,0,0,0,0,/1
400,Mike Mayers,mayermi01,27,STL,NL,8,0,0,0,0,0,0,0,0,0,0,0,0,,,,,,0,0,0,0,0,0,/1
401,Nomar Mazara,mazarno01,24,TEX,AL,15,61,53,8,12,2,1,2,12,0,0,5,10,.226,.328,.415,.743,93,22,1,3,0,0,0,*9/D
402,Brian McCann,mccanbr01,35,ATL,NL,6,23,17,0,5,1,0,0,6,0,0,5,2,.294,.435,.353,.788,113,6,0,0,0,1,1,/2
403,James McCann,mccanja02,29,CHW,AL,8,32,29,4,8,2,0,1,1,1,0,3,6,.276,.344,.448,.792,119,13,1,0,0,0,0,/2
404,Andrew McCutchen,mccutan01,32,PHI,NL,18,84,68,16,17,5,1,3,8,0,0,16,22,.250,.393,.485,.878,127,33,0,0,0,0,0,*7
405,Jake McGee,mcgeeja01,32,COL,NL,1,0,0,0,0,0,0,0,0,0,0,0,0,,,,,,0,0,0,0,0,0,/1
406,Billy McKinney,mckinbi01,24,TOR,AL,16,64,58,7,12,4,0,1,3,0,0,5,15,.207,.281,.328,.609,69,19,0,1,0,0,0,*9/73D
407,Ryan McMahon,mcmahry01,24,COL,NL,8,33,29,5,8,2,0,2,6,0,0,4,8,.276,.364,.552,.915,120,16,0,0,0,0,0,/34
408,Jeff McNeil,mcneije01,27,NYM,NL,17,66,59,8,25,5,1,0,10,0,2,4,6,.424,.485,.542,1.027,182,32,1,3,0,0,0,57/4
409,Austin Meadows,meadoau01,24,TBR,AL,18,74,66,10,24,4,0,6,17,3,0,8,14,.364,.432,.697,1.129,209,46,1,0,0,0,2,/9D7
410,Adalberto Mejia,mejiaad01,26,MIN,AL,3,0,0,0,0,0,0,0,0,0,0,0,0,,,,,,0,0,0,0,0,0,/1
411,Francisco Mejia,mejiafr01,23,SDP,NL,9,29,28,1,4,2,0,0,1,0,0,1,7,.143,.172,.214,.387,4,6,2,0,0,0,0,/2
412,Mark Melancon,melanma01,34,SFG,NL,9,0,0,0,0,0,0,0,0,0,0,0,0,,,,,,0,0,0,0,0,0,/1
413,Jordy Mercer,mercejo03,32,DET,AL,13,47,43,2,10,4,0,0,2,0,0,3,11,.233,.298,.326,.623,70,14,0,1,0,0,0,*6
414,Whit Merrifield,merriwh01,30,KCR,AL,19,85,80,14,25,4,2,2,9,5,2,4,10,.313,.341,.488,.829,123,39,1,0,0,1,1,49/8
415,Miles Mikolas,mikolmi01,30,STL,NL,4,7,7,0,1,0,0,0,0,0,0,0,3,.143,.143,.143,.286,-23,1,0,0,0,0,0,/1
416,Andrew Miller,millean01,34,STL,NL,10,0,0,0,0,0,0,0,0,0,0,0,0,,,,,,0,0,0,0,0,0,1
417,Brad Miller,millebr02,29,CLE,AL,13,40,36,4,9,3,0,1,4,1,0,4,10,.250,.325,.417,.742,98,15,0,0,0,0,0,*4
418,Justin Miller,milleju02,32,WSN,NL,7,0,0,0,0,0,0,0,0,0,0,0,0,,,,,,0,0,0,0,0,0,/1
419,Mike Minor,minormi01,31,TEX,AL,1,3,2,0,0,0,0,0,0,0,0,0,2,.000,.000,.000,.000,-100,0,0,0,1,0,0,/1
420,A.J. Minter,minteaj01,25,ATL,NL,7,0,0,0,0,0,0,0,0,0,0,0,0,,,,,,0,0,0,0,0,0,/1
421,Yadier Molina,molinya01,36,STL,NL,16,69,66,5,15,5,0,1,9,0,0,3,6,.227,.261,.348,.609,61,23,1,0,0,0,0,*2/35
422,Yoan Moncada,moncayo01,24,CHW,AL,18,78,74,15,23,6,0,5,16,2,1,4,19,.311,.346,.595,.941,155,44,0,0,0,0,0,*5
423,Adalberto Mondesi,mondera02,23,KCR,AL,18,82,74,10,20,5,4,2,13,5,1,4,22,.270,.296,.527,.823,119,39,1,0,1,3,0,*6
424,Mike Montgomery,montgmi01,29,CHC,NL,2,0,0,0,0,0,0,0,0,0,0,0,0,,,,,,0,0,0,0,0,0,/1
425,Dylan Moore,mooredy01,26,SEA,AL,14,29,25,3,4,0,0,1,2,1,0,2,13,.160,.276,.280,.556,58,7,2,2,0,0,0,/546D
426,Kendrys Morales,moralke01,36,OAK,AL,15,53,45,4,9,0,0,1,3,0,0,5,8,.200,.302,.267,.569,62,12,1,2,0,1,0,*3/D
427,Colin Moran,moranco01,26,PIT,NL,15,35,30,3,9,2,0,2,9,0,0,5,8,.300,.400,.567,.967,154,17,1,0,0,0,1,/537
428,Mitch Moreland,morelmi01,33,BOS,AL,18,64,58,8,14,5,0,5,12,0,0,6,15,.241,.313,.586,.899,135,34,4,0,0,0,0,*3/D
429,Adam Morgan,morgaad01,29,PHI,NL,9,0,0,0,0,0,0,0,0,0,0,0,0,,,,,,0,0,0,0,0,0,/1
430,Max Moroff,morofma01,26,CLE,AL,16,27,26,1,2,1,0,0,2,0,0,0,13,.077,.077,.115,.192,-49,3,0,0,1,0,0,4/65
431,Reyes Moronta,moronre01,26,SFG,NL,8,0,0,0,0,0,0,0,0,0,0,0,0,,,,,,0,0,0,0,0,0,/1
432,Mike Moustakas,moustmi01,30,MIL,NL,19,76,65,10,15,4,0,6,10,0,0,10,15,.231,.342,.569,.911,130,37,4,1,0,0,0,*4/5
433,Cedric Mullins,mullice01,24,BAL,AL,19,66,56,7,5,0,2,0,4,0,0,4,14,.089,.188,.161,.348,-2,9,2,3,2,1,0,*8
434,Max Muncy,muncyma01,28,LAD,NL,20,74,63,8,17,2,1,5,14,0,0,9,20,.270,.351,.571,.923,139,36,1,0,0,2,1,*3/54
435,Yairo Munoz,munozya01,24,STL,NL,6,7,6,2,2,1,0,0,0,0,0,1,2,.333,.429,.500,.929,148,3,0,0,0,0,0,/5876
436,Daniel Murphy,murphda08,34,COL,NL,2,10,10,1,1,0,0,0,0,0,0,0,0,.100,.100,.100,.200,-51,1,0,0,0,0,0,/3
437,John Ryan Murphy,murphjr01,28,ARI,NL,9,21,18,4,3,0,0,2,2,0,0,3,8,.167,.286,.500,.786,95,9,0,0,0,0,0,/21
438,Tom Murphy,murphto04,28,SEA,AL,5,20,17,2,7,2,0,1,2,0,0,3,7,.412,.500,.706,1.206,236,12,0,0,0,0,0,/2
439,Harrison Musgrave,musgrha01,27,COL,NL,5,0,0,0,0,0,0,0,0,0,0,0,0,,,,,,0,0,0,0,0,0,/1
440,Joe Musgrove,musgrjo01,26,PIT,NL,3,4,4,0,0,0,0,0,0,0,0,0,4,.000,.000,.000,.000,-100,0,0,0,0,0,0,/1
441,Wil Myers,myerswi01,28,SDP,NL,19,68,63,9,20,3,0,5,9,2,2,5,20,.317,.368,.603,.971,156,38,4,0,0,0,0,*7/83
442,Tyler Naquin,naquity01,28,CLE,AL,15,48,47,4,12,3,0,1,4,1,0,1,15,.255,.271,.383,.654,74,18,1,0,0,0,0,*9/D
443,Omar Narvaez,narvaom01,27,SEA,AL,17,69,64,15,19,1,0,4,11,0,0,5,16,.297,.348,.500,.848,136,32,0,0,0,0,0,*2
444,Hector Neris,nerishe01,30,PHI,NL,8,0,0,0,0,0,0,0,0,0,0,0,0,,,,,,0,0,0,0,0,0,/1
445,Pat Neshek,neshepa01,38,PHI,NL,8,0,0,0,0,0,0,0,0,0,0,0,0,,,,,,0,0,0,0,0,0,/1
446,Sean Newcomb,newcose01,26,ATL,NL,3,4,4,0,0,0,0,0,0,0,0,0,3,.000,.000,.000,.000,-100,0,0,0,0,0,0,/1
447,Kevin Newman,newmake01,25,PIT,NL,6,12,11,0,3,1,0,0,2,0,0,1,3,.273,.333,.364,.697,87,4,0,0,0,0,0,/64
448,Juan Nicasio,nicasju01,32,PHI,NL,6,1,1,0,0,0,0,0,0,0,0,0,1,.000,.000,.000,.000,-100,0,0,0,0,0,0,/1
449,Tomas Nido,nidoto01,25,NYM,NL,2,6,6,0,0,0,0,0,0,0,0,0,2,.000,.000,.000,.000,-100,0,0,0,0,0,0,/2
450,Brandon Nimmo,nimmobr01,26,NYM,NL,17,68,54,13,13,3,0,3,8,0,0,11,26,.241,.388,.463,.851,133,25,0,2,1,0,1,*7/8
451,Aaron Nola,nolaaa01,26,PHI,NL,4,7,5,2,0,0,0,0,0,0,0,2,3,.000,.286,.000,.286,-14,0,0,0,0,0,0,/1
452,Jake Noll,nollja01,25,WSN,NL,3,3,2,0,0,0,0,0,1,0,0,1,1,.000,.333,.000,.333,-1,0,0,0,0,0,0,
453,Eduardo Nunez,nunezed02,32,BOS,AL,17,46,44,3,7,1,0,0,5,3,1,1,8,.159,.178,.182,.360,-2,8,4,0,1,0,0,4/5D1
454,Renato Nunez,nunezre01,25,BAL,AL,19,75,70,10,19,3,0,2,12,0,1,4,18,.271,.320,.400,.720,98,28,1,1,0,0,1,*D/3
455,Peter O'Brien,obriepe01,28,MIA,NL,9,30,27,1,3,0,0,1,2,0,0,3,14,.111,.200,.222,.422,17,6,1,0,0,0,0,/9
456,Ryan O'Hearn,ohearry01,25,KCR,AL,18,66,53,8,10,1,0,3,6,0,0,12,13,.189,.348,.377,.726,99,20,1,1,0,0,1,*3/D
457,Tyler O'Neill,oneilty01,24,STL,NL,14,29,28,4,8,2,0,1,4,0,0,1,11,.286,.310,.464,.775,103,13,1,0,0,0,0,/978
458,Scott Oberg,obergsc01,29,COL,NL,5,0,0,0,0,0,0,0,0,0,0,0,0,,,,,,0,0,0,0,0,0,/1
459,Rougned Odor,odorro01,25,TEX,AL,12,47,42,5,7,2,0,0,2,1,2,4,15,.167,.255,.214,.470,26,9,0,1,0,0,0,4
460,Jake Odorizzi,odorija01,29,MIN,AL,2,1,0,0,0,0,0,0,0,0,0,0,0,,,,,,0,0,0,1,0,0,/1
461,Seunghwan Oh,ohse01,36,COL,NL,6,0,0,0,0,0,0,0,0,0,0,0,0,,,,,,0,0,0,0,0,0,/1
462,Matt Olson,olsonma02,25,OAK,AL,2,6,5,1,1,0,0,0,0,0,0,1,0,.200,.333,.200,.533,55,1,0,0,0,0,0,/3
463,Corey Oswalt,oswalco01,25,NYM,NL,1,2,0,0,0,0,0,0,1,0,0,0,0,,.000,,,,0,0,0,1,1,0,/1
464,Chris Owings,owingch01,27,KCR,AL,18,68,62,6,12,3,1,1,7,3,1,6,21,.194,.265,.323,.587,60,20,1,0,0,0,0,4/5896
465,Marcell Ozuna,ozunama01,28,STL,NL,16,67,62,13,18,3,0,8,16,2,0,4,16,.290,.343,.726,1.069,174,45,4,1,0,0,0,*7
466,Chris Paddack,paddach01,23,SDP,NL,4,6,6,0,0,0,0,0,0,0,0,0,4,.000,.000,.000,.000,-100,0,0,0,0,0,0,/1
467,Daniel Palka,palkada01,27,CHW,AL,13,42,35,0,1,0,0,0,2,0,0,6,15,.029,.190,.029,.219,-33,1,2,1,0,0,0,9
468,Joe Panik,panikjo01,28,SFG,NL,17,61,53,3,11,2,0,0,3,0,1,6,4,.208,.295,.245,.540,49,13,1,1,0,1,0,*4
469,Thomas Pannone,pannoth01,25,TOR,AL,1,0,0,0,0,0,0,0,0,0,0,0,0,,,,,,0,0,0,0,0,0,/1
470,Blake Parker,parkebl01,34,MIN,AL,2,0,0,0,0,0,0,0,0,0,0,0,0,,,,,,0,0,0,0,0,0,/1
471,Gerardo Parra,parrage01,32,SFG,NL,20,64,56,7,13,3,0,1,6,1,0,5,13,.232,.313,.339,.652,76,19,0,2,0,1,2,*7/9
472,Wes Parsons,parsowe01,26,ATL,NL,9,0,0,0,0,0,0,0,0,0,0,0,0,,,,,,0,0,0,0,0,0,/1
473,Steve Pearce,pearcst01,36,BOS,AL,7,25,24,1,3,0,0,0,1,0,0,0,11,.125,.160,.125,.285,-21,3,1,1,0,0,0,/3D7
474,Joc Pederson,pederjo01,27,LAD,NL,20,78,64,16,15,1,1,8,14,0,0,9,14,.234,.359,.656,1.015,161,42,0,4,0,1,0,*7
475,Dustin Pedroia,pedrodu01,35,BOS,AL,6,21,20,1,2,0,0,0,1,0,0,1,2,.100,.143,.100,.243,-32,2,2,0,0,0,0,/4D
476,Hunter Pence,pencehu01,36,TEX,AL,10,31,29,6,8,0,0,1,3,1,0,2,5,.276,.323,.379,.702,84,11,0,0,0,0,0,/D79
477,David Peralta,peralda01,31,ARI,NL,19,85,79,11,29,10,0,2,10,0,0,5,14,.367,.412,.570,.981,148,45,3,1,0,0,1,*7
478,Freddy Peralta,peralfr01,23,MIL,NL,3,5,5,1,1,0,0,0,1,0,0,0,1,.200,.200,.200,.400,5,1,0,0,0,0,0,/1
479,Wandy Peralta,peralwa01,27,CIN,NL,7,0,0,0,0,0,0,0,0,0,0,0,0,,,,,,0,0,0,0,0,0,/1
480,Jose Peraza,perazjo01,25,CIN,NL,17,54,53,5,8,1,0,1,1,1,1,0,14,.151,.167,.226,.393,1,12,0,1,0,0,0,*4/68
481,Luis Perdomo,perdolu02,26,SDP,NL,1,0,0,0,0,0,0,0,0,0,0,0,0,,,,,,0,0,0,0,0,0,/1
482,Hernan Perez,perezhe01,28,MIL,NL,12,29,27,6,8,1,0,2,4,1,1,2,10,.296,.345,.556,.900,128,15,1,0,0,0,0,/4679
483,Martin Perez,perezma02,28,MIN,AL,2,1,1,1,0,0,0,0,0,0,0,0,0,.000,.000,.000,.000,-100,0,0,0,0,0,0,/1
484,Michael Perez,perezmi03,26,TBR,AL,8,23,20,4,5,3,0,0,1,0,0,3,9,.250,.348,.400,.748,109,8,0,0,0,0,0,/2
485,Roberto Perez,perezro02,30,CLE,AL,12,43,37,2,6,2,0,1,4,0,0,5,15,.162,.256,.297,.553,49,11,0,0,0,1,0,2
486,Dustin Peterson,peterdu01,24,DET,AL,12,32,31,2,5,2,0,0,3,1,0,0,12,.161,.188,.226,.413,12,7,1,1,0,0,0,/7893D
487,Tim Peterson,peterti01,28,NYM,NL,4,0,0,0,0,0,0,0,0,0,0,0,0,,,,,,0,0,0,0,0,0,/1
488,Jake Petricka,petrija01,31,MIL,NL,3,0,0,0,0,0,0,0,0,0,0,0,0,,,,,,0,0,0,0,0,0,/1
489,Tommy Pham,phamth01,31,TBR,AL,18,85,70,10,20,0,0,3,9,6,1,13,13,.286,.400,.414,.814,129,29,3,1,0,1,0,*7/D
490,Josh Phegley,phegljo01,31,OAK,AL,14,44,42,10,13,2,0,3,9,0,0,1,9,.310,.341,.571,.912,149,24,0,1,0,0,0,*2
491,Kevin Pillar,pillake01,30,TOT,MLB,20,74,69,10,12,2,0,4,14,3,0,1,13,.174,.189,.377,.566,48,26,2,1,0,3,0,*8/D
492,Kevin Pillar,pillake01,30,TOR,AL,5,17,16,1,1,0,0,0,1,0,0,0,3,.063,.059,.063,.121,-66,1,0,0,0,1,0,/8D
493,Kevin Pillar,pillake01,30,SFG,NL,15,57,53,9,11,2,0,4,13,3,0,1,10,.208,.228,.472,.700,81,25,2,1,0,2,0,*8
494,Manny Pina,pinama01,32,MIL,NL,8,17,14,1,2,0,0,0,1,0,0,3,5,.143,.294,.143,.437,20,2,1,0,0,0,0,/2
495,Chad Pinder,pindech01,27,OAK,AL,19,60,57,10,17,4,0,3,8,0,0,1,8,.298,.317,.526,.843,130,30,0,1,0,1,0,/74539
496,Michael Pineda,pinedmi01,30,MIN,AL,1,2,2,0,0,0,0,0,0,0,0,0,0,.000,.000,.000,.000,-100,0,0,0,0,0,0,/1
497,Stephen Piscotty,piscost01,28,OAK,AL,20,88,79,7,18,5,0,3,11,0,0,9,19,.228,.307,.405,.712,97,32,2,0,0,0,0,*9
498,Nick Pivetta,pivetni01,26,PHI,NL,4,7,7,0,0,0,0,0,0,0,0,0,6,.000,.000,.000,.000,-100,0,0,0,0,0,0,/1
499,Kevin Plawecki,plaweke01,28,CLE,AL,8,22,20,2,4,1,0,1,1,0,0,2,3,.200,.273,.400,.673,78,8,1,0,0,0,0,/2
500,Jorge Polanco,polanjo01,25,MIN,AL,16,69,60,11,24,4,3,3,5,0,1,7,11,.400,.464,.717,1.180,215,43,0,1,0,1,0,*6
501,A.J. Pollock,polloaj01,31,LAD,NL,21,86,78,11,20,3,1,2,14,0,1,5,13,.256,.302,.397,.700,84,31,3,1,0,2,0,*8
502,Drew Pomeranz,pomerdr01,30,SFG,NL,4,5,5,0,0,0,0,0,0,0,0,0,4,.000,.000,.000,.000,-100,0,0,0,0,0,0,/1
503,Rick Porcello,porceri01,30,BOS,AL,1,2,2,0,0,0,0,0,0,0,0,0,0,.000,.000,.000,.000,-100,0,0,0,0,0,0,/1
504,Buster Posey,poseybu01,32,SFG,NL,17,63,56,3,11,5,0,0,1,0,0,7,12,.196,.286,.286,.571,55,16,1,0,0,0,0,*2/3
505,Martin Prado,pradoma01,35,MIA,NL,13,36,34,3,13,3,0,0,2,0,0,2,2,.382,.417,.471,.887,145,16,1,0,0,0,0,/35
506,David Price,priceda01,33,BOS,AL,1,2,2,0,1,0,0,0,1,0,0,0,1,.500,.500,.500,1.000,173,1,0,0,0,0,0,/1
507,Jurickson Profar,profaju01,26,OAK,AL,20,81,75,8,15,3,1,2,10,3,0,4,12,.200,.247,.347,.594,64,26,2,1,0,1,0,*4/3
508,Yasiel Puig,puigya01,28,CIN,NL,16,58,56,4,10,3,0,2,8,2,1,2,15,.179,.207,.339,.546,39,19,2,0,0,0,0,*9
509,Albert Pujols,pujolal01,39,LAA,AL,18,68,55,7,13,2,0,2,9,0,0,10,8,.236,.353,.382,.735,104,21,2,1,0,2,0,D/3
510,Roman Quinn,quinnro01,26,PHI,NL,1,4,4,0,0,0,0,0,0,0,0,0,4,.000,.000,.000,.000,-100,0,0,0,0,0,0,/8
511,Jose Quintana,quintjo01,30,CHC,NL,3,6,6,0,0,0,0,0,0,0,0,0,5,.000,.000,.000,.000,-100,0,0,0,0,0,0,/1
512,Hanley Ramirez,ramirha01,35,CLE,AL,16,57,49,4,9,1,0,2,8,0,0,8,17,.184,.298,.327,.625,69,16,2,0,0,0,0,*D
513,Jose Ramirez,ramirjo01,26,CLE,AL,18,75,69,8,10,3,0,1,3,5,0,4,11,.145,.200,.232,.432,16,16,2,1,0,1,0,*5
514,Noe Ramirez,ramirno01,29,LAA,AL,1,0,0,0,0,0,0,0,0,0,0,0,0,,,,,,0,0,0,0,0,0,/1
515,Edubray Ramos,ramosed02,26,PHI,NL,4,0,0,0,0,0,0,0,0,0,0,0,0,,,,,,0,0,0,0,0,0,/1
516,Wilson Ramos,ramoswi01,31,NYM,NL,17,61,53,9,17,1,0,1,12,0,0,6,6,.321,.393,.396,.790,118,21,2,1,0,1,1,*2
517,Robbie Ray,rayro02,27,ARI,NL,4,8,8,0,0,0,0,0,0,0,0,0,6,.000,.000,.000,.000,-100,0,0,0,0,0,0,/1
518,J.T. Realmuto,realmjt01,28,PHI,NL,18,73,65,13,18,3,0,3,15,0,1,6,12,.277,.342,.462,.804,107,30,3,1,0,1,0,*2
519,Josh Reddick,reddijo01,32,HOU,AL,14,54,51,4,16,1,0,1,2,1,0,3,6,.314,.352,.392,.744,106,20,3,0,0,0,0,*9/73
520,Michael Reed,reedmi02,26,SFG,NL,4,8,8,0,0,0,0,0,0,0,0,0,6,.000,.000,.000,.000,-100,0,0,0,0,0,0,/79
521,Anthony Rendon,rendoan01,29,WSN,NL,17,76,66,20,25,9,0,6,18,0,0,8,13,.379,.447,.788,1.235,208,52,3,1,0,1,1,*5
522,Hunter Renfroe,renfrhu01,27,SDP,NL,17,55,51,7,13,4,1,4,7,0,0,4,13,.255,.309,.608,.917,139,31,1,0,0,0,0,*/97
523,Alex Reyes,reyesal02,24,STL,NL,4,0,0,0,0,0,0,0,0,0,0,0,0,,,,,,0,0,0,0,0,0,/1
524,Franmil Reyes,reyesfr01,23,SDP,NL,20,61,52,5,11,2,0,4,8,0,0,7,12,.212,.295,.481,.776,105,25,1,0,0,2,0,*9
525,Gerardo Reyes,reyesge01,26,SDP,NL,2,0,0,0,0,0,0,0,0,0,0,0,0,,,,,,0,0,0,0,0,0,/1
526,Pablo Reyes,reyespa01,25,PIT,NL,14,25,23,1,2,0,0,0,1,0,0,2,10,.087,.160,.087,.247,-31,2,0,0,0,0,0,/976
527,Mark Reynolds,reynoma01,35,COL,NL,17,45,35,4,7,1,0,2,5,1,0,7,15,.200,.333,.400,.733,79,14,1,1,0,2,0,/3D
528,Trevor Richards,richatr01,26,MIA,NL,4,7,7,0,0,0,0,0,0,0,0,0,4,.000,.000,.000,.000,-100,0,0,0,0,0,0,/1
529,Joey Rickard,rickajo01,28,BAL,AL,20,58,52,4,11,4,1,1,4,1,2,6,16,.212,.293,.385,.678,86,20,0,0,0,0,0,*9/8D7
530,JT Riddle,riddljt01,27,MIA,NL,15,32,32,3,5,0,0,2,3,0,0,0,11,.156,.156,.344,.500,32,11,0,0,0,0,0,6
531,Anthony Rizzo,rizzoan01,29,CHC,NL,17,77,63,13,10,1,0,3,10,0,0,12,15,.159,.312,.317,.629,64,20,0,2,0,0,0,*3
532,Tanner Roark,roarkta01,32,CIN,NL,4,6,6,0,0,0,0,0,0,0,0,0,2,.000,.000,.000,.000,-100,0,0,0,0,0,0,/1
533,Daniel Robertson,roberda10,25,TBR,AL,16,52,47,4,7,0,0,0,2,1,0,5,15,.149,.231,.149,.380,10,7,1,0,0,0,0,5/46
534,David Robertson,roberda08,34,PHI,NL,7,0,0,0,0,0,0,0,0,0,0,0,0,,,,,,0,0,0,0,0,0,/1
535,Drew Robinson,robindr01,27,STL,NL,4,6,6,0,0,0,0,0,0,0,0,0,3,.000,.000,.000,.000,-100,0,0,0,0,0,0,/8
536,Hansel Robles,robleha01,28,LAA,AL,1,0,0,0,0,0,0,0,0,0,0,0,0,,,,,,0,0,0,0,0,0,/1
537,Victor Robles,roblevi01,22,WSN,NL,17,65,59,12,16,5,1,3,7,2,1,4,20,.271,.328,.542,.870,118,32,0,1,1,0,0,*8/9
538,Dereck Rodriguez,rodride01,27,SFG,NL,5,9,9,0,1,0,0,0,0,0,0,0,7,.111,.111,.111,.222,-40,1,0,0,0,0,0,/1
539,Richard Rodriguez,rodriri05,29,PIT,NL,8,0,0,0,0,0,0,0,0,0,0,0,0,,,,,,0,0,0,0,0,0,1
540,Ronny Rodriguez,rodriro03,27,DET,AL,2,8,6,1,2,1,0,0,1,0,0,1,1,.333,.375,.500,.875,135,3,0,0,0,1,0,/46
541,Chaz Roe,roech01,32,TBR,AL,2,0,0,0,0,0,0,0,0,0,0,0,0,,,,,,0,0,0,0,0,0,/1
542,Taylor Rogers,rogerta01,28,MIN,AL,2,0,0,0,0,0,0,0,0,0,0,0,0,,,,,,0,0,0,0,0,0,/1
543,Miguel Rojas,rojasmi02,30,MIA,NL,17,55,49,5,14,4,0,0,6,0,0,4,2,.286,.345,.367,.713,97,18,3,1,0,1,0,*6/34
544,Austin Romine,rominau01,30,NYY,AL,8,28,26,3,5,0,0,1,3,0,0,1,7,.192,.222,.308,.530,42,8,1,0,1,0,0,/2
545,Sergio Romo,romose01,36,MIA,NL,7,0,0,0,0,0,0,0,0,0,0,0,0,,,,,,0,0,0,0,0,0,/1
546,Jose Rondon,rondojo02,25,CHW,AL,9,28,26,3,8,2,0,1,3,0,0,2,8,.308,.357,.500,.857,135,13,1,0,0,0,0,/465
547,Amed Rosario,rosaram01,23,NYM,NL,18,77,72,7,19,3,1,1,12,2,1,5,22,.264,.312,.375,.687,88,27,2,0,0,0,1,*6
548,Eddie Rosario,rosared01,27,MIN,AL,16,66,61,11,16,3,0,6,16,0,0,5,12,.262,.318,.607,.925,144,37,3,0,0,0,0,*7/8D
549,Randy Rosario,rosarra01,25,CHC,NL,5,1,1,0,0,0,0,0,0,0,0,0,0,.000,.000,.000,.000,-100,0,0,0,0,0,0,/1
550,Trevor Rosenthal,rosentr01,29,WSN,NL,6,0,0,0,0,0,0,0,0,0,0,0,0,,,,,,0,0,0,0,0,0,/1
551,Joe Ross,rossjo01,26,WSN,NL,2,0,0,0,0,0,0,0,0,0,0,0,0,,,,,,0,0,0,0,0,0,/1
552,Rio Ruiz,ruizri01,25,BAL,AL,19,69,58,6,13,2,0,2,8,0,0,10,16,.224,.333,.362,.695,93,21,2,0,0,1,0,*5/3D
553,Kyle Ryan,ryanky01,27,CHC,NL,5,0,0,0,0,0,0,0,0,0,0,0,0,,,,,,0,0,0,0,0,0,/1
554,Hyun-Jin Ryu,ryuhy01,32,LAD,NL,4,6,4,1,0,0,0,0,0,0,0,1,2,.000,.200,.000,.200,-39,0,0,0,1,0,0,/1
555,Jeff Samardzija,samarje01,34,SFG,NL,4,6,5,0,0,0,0,0,0,0,0,0,3,.000,.000,.000,.000,-100,0,0,0,1,0,0,/1
556,Anibal Sanchez,sanchan01,35,WSN,NL,3,6,6,0,0,0,0,0,0,0,0,0,4,.000,.000,.000,.000,-100,0,0,0,0,0,0,/1
557,Gary Sanchez,sanchga02,26,NYY,AL,11,45,41,6,11,1,0,6,11,0,0,2,9,.268,.333,.732,1.065,177,30,0,2,0,0,0,/2D
558,Yolmer Sanchez,sanchca01,27,CHW,AL,15,53,49,5,9,2,0,0,2,0,1,4,15,.184,.245,.224,.470,33,11,0,0,0,0,0,*4
559,Pablo Sandoval,sandopa01,32,SFG,NL,19,27,27,4,7,6,0,0,3,0,0,0,7,.259,.259,.481,.741,93,13,1,0,0,0,0,/53
560,Carlos Santana,santaca01,33,CLE,AL,17,68,54,12,21,5,0,1,11,0,0,14,9,.389,.515,.537,1.052,185,29,1,0,0,0,5,*3
561,Danny Santana,santada01,28,TEX,AL,4,14,14,3,4,1,1,0,3,2,0,0,2,.286,.286,.500,.786,100,7,0,0,0,0,0,/4
562,Dennis Santana,santade01,23,LAD,NL,3,2,2,0,1,0,0,0,0,0,0,0,0,.500,.500,.500,1.000,168,1,0,0,0,0,0,/1
563,Domingo Santana,santado01,26,SEA,AL,22,103,92,12,29,5,0,4,24,3,0,10,27,.315,.382,.500,.882,147,46,1,0,0,0,0,*7
564,Scott Schebler,schebsc01,28,CIN,NL,17,55,49,5,8,1,0,2,5,0,0,6,15,.163,.255,.306,.561,45,15,2,0,0,0,0,*8/79
565,Max Scherzer,scherma01,34,WSN,NL,4,11,11,1,2,0,0,0,1,0,0,0,6,.182,.182,.182,.364,-6,2,1,0,0,0,0,/1
566,Jonathan Schoop,schoojo01,27,MIN,AL,15,56,51,8,12,2,0,2,7,0,0,3,13,.235,.304,.392,.696,88,20,1,2,0,0,0,*4
567,Jaime Schultz,schulja02,28,LAD,NL,3,0,0,0,0,0,0,0,0,0,0,0,0,,,,,,0,0,0,0,0,0,/1
568,Kyle Schwarber,schwaky01,26,CHC,NL,15,61,56,7,11,1,0,3,6,0,1,5,19,.196,.262,.375,.637,62,21,1,0,0,0,0,7/D
569,Frank Schwindel,schwifr01,27,KCR,AL,6,15,15,0,1,0,0,0,0,0,0,0,2,.067,.067,.067,.133,-63,1,0,0,0,0,0,/3
570,Corey Seager,seageco01,25,LAD,NL,21,82,71,12,17,5,0,2,6,0,0,10,16,.239,.341,.394,.736,95,28,2,1,0,0,1,*6
571,Jean Segura,segurje01,29,PHI,NL,16,73,67,13,22,5,1,1,10,1,0,5,11,.328,.384,.478,.861,123,32,0,1,0,0,0,*6
572,Marcus Semien,semiema01,28,OAK,AL,21,91,79,16,25,6,0,3,10,1,1,11,11,.316,.396,.506,.902,150,40,4,0,0,1,0,*6
573,Antonio Senzatela,senzaan01,24,COL,NL,1,3,2,0,0,0,0,0,0,0,0,0,1,.000,.000,.000,.000,-100,0,0,0,1,0,0,/1
574,Pedro Severino,severpe01,25,BAL,AL,7,27,24,2,5,1,0,1,4,0,0,2,6,.208,.296,.375,.671,85,9,0,1,0,0,0,/2
575,Paul Sewald,sewalpa01,29,NYM,NL,2,1,1,0,0,0,0,0,0,0,0,0,0,.000,.000,.000,.000,-100,0,0,0,0,0,0,/1
576,Bryan Shaw,shawbr01,31,COL,NL,7,0,0,0,0,0,0,0,0,0,0,0,0,,,,,,0,0,0,0,0,0,/1
577,Travis Shaw,shawtr01,29,MIL,NL,18,74,64,4,13,2,0,1,5,0,0,8,23,.203,.311,.281,.592,56,18,2,2,0,0,2,*5
578,JB Shuck,shuckja01,32,PIT,NL,14,36,27,3,7,0,1,0,1,0,0,7,5,.259,.429,.333,.762,109,9,0,1,1,0,0,/978
579,Andrelton Simmons,simmoan01,29,LAA,AL,18,76,75,7,19,5,0,1,10,2,0,1,8,.253,.263,.360,.623,70,27,5,0,0,0,0,*6
580,Tony Sipp,sippto01,35,WSN,NL,9,0,0,0,0,0,0,0,0,0,0,0,0,,,,,,0,0,0,0,0,0,/1
581,Tyler Skaggs,skaggty01,27,LAA,AL,1,1,1,0,0,0,0,0,0,0,0,0,1,.000,.000,.000,.000,-100,0,0,0,0,0,0,/1
582,Caleb Smith,smithca03,27,MIA,NL,4,6,6,0,1,0,0,0,1,0,0,0,2,.167,.167,.167,.333,-7,1,0,0,0,0,0,/1
583,Dominic Smith,smithdo02,24,NYM,NL,18,24,20,6,9,2,0,0,4,0,0,3,3,.450,.542,.550,1.092,202,11,0,1,0,0,0,3
584,Dwight Smith Jr.,smithdw02,26,BAL,AL,19,82,76,14,21,6,0,3,11,3,0,5,12,.276,.317,.474,.791,115,36,3,0,0,1,0,*7/D
585,Kevan Smith,smithke04,31,LAA,AL,6,21,17,2,2,1,0,0,1,0,0,2,3,.118,.286,.176,.462,33,3,1,2,0,0,0,/2D
586,Mallex Smith,smithma05,26,SEA,AL,18,84,74,12,16,1,2,1,5,6,1,8,24,.216,.298,.324,.622,76,24,0,1,0,1,0,*8
587,Will Smith,smithwi04,29,SFG,NL,7,0,0,0,0,0,0,0,0,0,0,0,0,,,,,,0,0,0,0,0,0,/1
588,Justin Smoak,smoakju01,32,TOR,AL,16,69,54,10,14,2,0,3,13,0,0,13,12,.259,.420,.463,.883,146,25,2,2,0,0,0,3/D
589,Chad Sobotka,sobotch01,25,ATL,NL,9,1,1,0,0,0,0,0,0,0,0,0,1,.000,.000,.000,.000,-100,0,0,0,0,0,0,/1
590,Eric Sogard,sogarer01,33,TOR,AL,3,13,12,2,6,2,0,0,3,1,0,1,1,.500,.538,.667,1.205,234,8,0,0,0,0,0,/45
591,Yangervis Solarte,solarya01,31,SFG,NL,18,47,43,5,8,4,0,0,3,0,0,3,10,.186,.239,.279,.518,39,12,2,0,1,0,1,/4765
592,Jorge Soler,solerjo01,27,KCR,AL,19,78,72,8,17,5,0,5,14,0,1,6,29,.236,.295,.514,.809,115,37,1,0,0,0,0,9/D
593,Mike Soroka,sorokmi01,21,ATL,NL,1,1,1,0,0,0,0,0,0,0,0,0,0,.000,.000,.000,.000,-100,0,0,0,0,0,0,/1
594,Juan Soto,sotoju01,20,WSN,NL,17,75,61,11,16,5,0,3,13,1,0,13,19,.262,.400,.492,.892,128,30,0,1,0,0,0,*7
595,Glenn Sparkman,sparkgl01,27,KCR,AL,1,0,0,0,0,0,0,0,0,0,0,0,0,,,,,,0,0,0,0,0,0,/1
596,George Springer,springe01,29,HOU,AL,18,82,71,12,18,2,0,5,14,2,1,9,24,.254,.341,.493,.834,127,35,2,1,0,1,0,*/98D
597,Jacob Stallings,stallja01,29,PIT,NL,4,11,11,1,3,0,0,0,0,0,0,0,3,.273,.273,.273,.545,47,3,0,0,0,0,0,/2
598,Eric Stamets,stameer01,27,CLE,AL,15,48,41,4,2,1,0,0,2,0,0,5,24,.049,.149,.073,.222,-37,3,2,0,1,1,0,*6
599,Craig Stammen,stammcr01,35,SDP,NL,9,0,0,0,0,0,0,0,0,0,0,0,0,,,,,,0,0,0,0,0,0,/1
600,Ryne Stanek,stanery01,27,TBR,AL,1,0,0,0,0,0,0,0,0,0,0,0,0,,,,,,0,0,0,0,0,0,/1
601,Giancarlo Stanton,stantmi03,29,NYY,AL,3,15,8,1,2,0,0,0,0,0,0,7,4,.250,.600,.250,.850,145,2,0,0,0,0,0,/7
602,Max Stassi,stassma01,28,HOU,AL,6,19,18,0,1,0,0,0,0,0,0,1,8,.056,.105,.056,.161,-53,1,0,0,0,0,0,/2
603,Drew Steckenrider,steckdr01,28,MIA,NL,8,0,0,0,0,0,0,0,0,0,0,0,0,,,,,,0,0,0,0,0,0,/1
604,Robert Stephenson,stephro01,26,CIN,NL,7,0,0,0,0,0,0,0,0,0,0,0,0,,,,,,0,0,0,0,0,0,/1
605,Andrew Stevenson,stevean01,25,WSN,NL,6,6,4,2,1,0,0,0,0,0,0,1,2,.250,.500,.250,.750,104,1,0,1,0,0,0,
606,Brock Stewart,stewabr01,27,LAD,NL,3,3,3,1,1,1,0,0,0,0,0,0,0,.333,.333,.667,1.000,156,2,0,0,0,0,0,/1
607,Christin Stewart,stewach02,25,DET,AL,16,64,54,6,12,5,1,3,13,0,0,7,16,.222,.313,.519,.831,120,28,0,1,0,2,1,*7/D
608,Robert Stock,stockro01,29,SDP,NL,7,0,0,0,0,0,0,0,0,0,0,0,0,,,,,,0,0,0,0,0,0,/1
609,Trevor Story,storytr01,26,COL,NL,19,81,73,12,19,1,0,4,11,4,2,6,20,.260,.321,.438,.759,84,32,1,1,0,1,0,*6
610,Matt Strahm,strahma01,27,SDP,NL,3,4,4,0,2,1,0,0,0,0,0,0,2,.500,.500,.750,1.250,232,3,0,0,0,0,0,/1
611,Stephen Strasburg,strasst01,30,WSN,NL,4,7,7,0,1,1,0,0,1,0,0,0,2,.143,.143,.286,.429,6,2,0,0,0,0,0,/1
612,Chris Stratton,stratch01,28,LAA,AL,1,2,2,0,0,0,0,0,0,0,0,0,0,.000,.000,.000,.000,-100,0,1,0,0,0,0,/1
613,Ross Stripling,stripro01,29,LAD,NL,4,9,7,0,1,0,0,0,0,0,0,0,3,.143,.143,.143,.286,-23,1,0,0,2,0,0,/1
614,Pedro Strop,stroppe01,34,CHC,NL,4,0,0,0,0,0,0,0,0,0,0,0,0,,,,,,0,0,0,0,0,0,/1
615,Eugenio Suarez,suareeu01,27,CIN,NL,18,66,56,5,13,3,0,3,7,0,1,9,16,.232,.348,.446,.795,105,25,1,1,0,0,0,*5
616,Jesus Sucre,sucreje01,31,BAL,AL,15,50,47,3,10,2,0,0,3,0,0,3,8,.213,.260,.255,.515,44,12,0,0,0,0,0,*2/D
617,Wander Suero,suerowa01,27,WSN,NL,9,1,1,0,0,0,0,0,0,0,0,0,1,.000,.000,.000,.000,-100,0,0,0,0,0,0,/1
618,Ichiro Suzuki,suzukic01,45,SEA,AL,2,6,5,0,0,0,0,0,0,0,0,1,1,.000,.167,.000,.167,-46,0,0,0,0,0,0,/9
619,Kurt Suzuki,suzukku01,35,WSN,NL,8,29,25,3,6,0,0,2,8,0,0,2,4,.240,.310,.480,.790,99,12,1,1,0,1,0,/2
620,Dansby Swanson,swansda01,25,ATL,NL,18,69,55,9,15,2,1,4,18,1,1,11,13,.273,.391,.564,.955,148,31,0,1,0,2,1,*6
621,Blake Swihart,swihabl01,27,BOS,AL,12,29,26,4,6,1,0,1,4,0,0,2,7,.231,.310,.385,.695,87,10,0,1,0,0,0,/237
622,Noah Syndergaard,syndeno01,26,NYM,NL,4,10,7,2,0,0,0,0,0,0,0,2,5,.000,.222,.000,.222,-30,0,0,0,1,0,0,/1
623,Jameson Taillon,taillja01,27,PIT,NL,4,8,7,0,1,0,0,0,0,0,0,0,3,.143,.143,.143,.286,-23,1,0,0,1,0,0,/1
624,Raimel Tapia,tapiara01,25,COL,NL,18,44,41,1,11,1,3,0,3,0,2,3,14,.268,.318,.439,.757,83,18,0,0,0,0,0,7/D9
625,Fernando Tatis Jr.,tatisfe02,20,SDP,NL,19,76,68,9,20,4,0,5,12,1,1,5,23,.294,.355,.574,.929,145,39,1,2,0,1,0,*6
626,Mike Tauchman,tauchmi01,28,NYY,AL,11,25,22,3,4,3,0,1,4,0,0,3,9,.182,.280,.455,.735,95,10,0,0,0,0,0,/789
627,Chris Taylor,tayloch03,28,LAD,NL,20,54,47,2,8,2,0,1,4,1,0,6,14,.170,.278,.277,.554,49,13,1,1,0,0,0,7/648
628,Michael A. Taylor,taylomi02,28,WSN,NL,4,11,8,2,2,0,0,0,0,0,0,3,4,.250,.455,.250,.705,90,2,0,0,0,0,0,/8
629,Julio Teheran,teherju01,28,ATL,NL,4,9,9,0,0,0,0,0,0,0,0,0,4,.000,.000,.000,.000,-100,0,0,0,0,0,0,/1
630,Rowdy Tellez,tellero01,24,TOR,AL,17,53,47,6,9,0,0,3,7,0,0,4,19,.191,.283,.383,.666,83,18,0,2,0,0,0,/D3
631,Eric Thames,thameer01,32,MIL,NL,18,34,31,3,7,0,0,2,7,0,0,1,16,.226,.265,.419,.684,73,13,0,1,0,1,0,/39D
632,Lane Thomas,thomala02,23,STL,NL,1,0,0,0,0,0,0,0,0,0,0,0,0,,,,,,0,0,0,0,0,0,/8
633,Tyler Thornburg,thornty01,30,BOS,AL,1,0,0,0,0,0,0,0,0,0,0,0,0,,,,,,0,0,0,0,0,0,/1
634,Josh Tomlin,tomlijo01,34,ATL,NL,4,0,0,0,0,0,0,0,0,0,0,0,0,,,,,,0,0,0,0,0,0,/1
635,Gleyber Torres,torregl01,22,NYY,AL,18,75,69,11,18,4,0,4,7,0,0,5,18,.261,.307,.493,.799,112,34,1,0,0,1,0,*6/4
636,Touki Toussaint,toussto01,23,ATL,NL,1,4,4,0,0,0,0,0,0,0,0,0,3,.000,.000,.000,.000,-100,0,0,0,0,0,0,/1
637,Sam Travis,travisa01,25,BOS,AL,2,7,7,0,2,0,0,0,0,0,0,0,0,.286,.286,.286,.571,56,2,0,0,0,0,0,/3D
638,Mike Trout,troutmi01,27,LAA,AL,16,68,46,12,16,2,0,5,12,1,0,17,5,.348,.544,.717,1.262,245,33,1,4,0,1,4,8/D
639,Troy Tulowitzki,tulowtr01,34,NYY,AL,5,13,11,1,2,1,0,1,1,0,0,2,4,.182,.308,.545,.853,125,6,1,0,0,0,0,/6
640,Justin Turner,turneju01,34,LAD,NL,19,80,67,8,19,2,0,0,8,0,0,9,16,.284,.375,.313,.688,87,21,3,2,0,2,0,*5
641,Trea Turner,turnetr01,26,WSN,NL,4,15,14,4,5,1,0,2,4,4,0,1,5,.357,.400,.857,1.257,210,12,0,0,0,0,0,/6
642,Jose Urena,urenajo01,27,MIA,NL,4,5,4,0,0,0,0,0,0,0,0,0,3,.000,.000,.000,.000,-100,0,1,0,1,0,0,/1
643,Richard Urena,urenari01,23,TOR,AL,8,27,24,1,8,3,0,0,0,0,0,1,7,.333,.360,.458,.818,126,11,0,0,2,0,0,/456
644,Julio Urias,uriasju01,22,LAD,NL,4,7,3,0,1,0,0,0,1,0,0,0,1,.333,.333,.333,.667,79,1,0,0,4,0,0,/1
645,Luis Urias,uriaslu01,22,SDP,NL,9,27,22,2,2,1,0,0,0,0,0,4,9,.091,.259,.136,.396,13,3,3,1,0,0,0,/456
646,Gio Urshela,urshegi01,27,NYY,AL,11,28,24,4,6,3,0,0,2,0,0,3,6,.250,.357,.375,.732,100,9,0,1,0,0,0,5
647,Pat Valaika,valaipa01,26,COL,NL,11,27,24,3,2,1,0,0,0,0,0,3,11,.083,.185,.125,.310,-21,3,0,0,0,0,0,/43D
648,Ildemaro Vargas,vargail01,27,ARI,NL,12,25,25,3,5,2,0,1,4,0,0,0,3,.200,.200,.400,.600,48,10,2,0,0,0,0,/45
649,Jason Vargas,vargaja01,36,NYM,NL,3,3,3,0,0,0,0,0,0,0,0,0,1,.000,.000,.000,.000,-100,0,0,0,0,0,0,/1
650,Andrew Vasquez,vasquan02,25,MIN,AL,1,0,0,0,0,0,0,0,0,0,0,0,0,,,,,,0,0,0,0,0,0,/1
651,Christian Vazquez,vazquch01,28,BOS,AL,14,47,45,7,9,3,0,3,8,1,1,2,9,.200,.234,.467,.701,83,21,1,0,0,0,1,2/4
652,Felipe Vazquez,riverfe01,27,PIT,NL,7,1,1,0,0,0,0,0,0,0,0,0,0,.000,.000,.000,.000,-100,0,0,0,0,0,0,/1
653,Vince Velasquez,velasvi01,27,PHI,NL,3,3,3,0,1,0,0,0,0,0,0,0,0,.333,.333,.333,.667,75,1,0,0,0,0,0,/1
654,Hector Velazquez,velazhe01,30,BOS,AL,1,1,1,0,0,0,0,0,0,0,0,0,1,.000,.000,.000,.000,-100,0,0,0,0,0,0,/1
655,Jonny Venters,ventejo01,34,ATL,NL,6,0,0,0,0,0,0,0,0,0,0,0,0,,,,,,0,0,0,0,0,0,/1
656,Alex Verdugo,verdual01,23,LAD,NL,20,45,44,5,16,3,1,3,12,0,0,1,7,.364,.378,.682,1.060,173,30,1,0,0,0,0,9/78
657,Jonathan Villar,villajo01,28,BAL,AL,20,90,82,14,22,2,1,3,9,3,1,8,17,.268,.333,.427,.760,109,35,1,0,0,0,0,*4/6
658,Nick Vincent,vinceni01,32,SFG,NL,8,0,0,0,0,0,0,0,0,0,0,0,0,,,,,,0,0,0,0,0,0,/1
659,Arodys Vizcaino,vizcaar01,28,ATL,NL,4,0,0,0,0,0,0,0,0,0,0,0,0,,,,,,0,0,0,0,0,0,/1
660,Daniel Vogelbach,vogelda01,26,SEA,AL,15,58,45,11,16,4,0,6,11,0,0,11,15,.356,.483,.844,1.327,264,38,1,1,0,1,0,*D/3
661,Luke Voit,voitlu01,28,NYY,AL,18,76,64,9,14,2,0,4,15,0,0,10,19,.219,.342,.438,.780,110,28,2,2,0,0,0,/D3
662,Joey Votto,vottojo01,35,CIN,NL,18,69,61,9,14,6,0,2,4,0,0,7,18,.230,.319,.426,.745,92,26,1,1,0,0,0,*3
663,Michael Wacha,wachami01,27,STL,NL,4,8,6,0,0,0,0,0,0,0,0,0,5,.000,.000,.000,.000,-100,0,0,0,2,0,0,/1
664,Tyler Wade,wadety01,24,NYY,AL,8,21,18,2,3,0,0,0,1,1,0,2,8,.167,.250,.167,.417,17,3,0,0,1,0,0,/47
665,Adam Wainwright,wainwad01,37,STL,NL,3,6,5,0,1,0,0,0,1,0,0,1,3,.200,.333,.200,.533,49,1,0,0,0,0,0,/1
666,Marcus Walden,waldema01,30,BOS,AL,1,1,1,0,0,0,0,0,0,0,0,0,1,.000,.000,.000,.000,-100,0,0,0,0,0,0,/1
667,Christian Walker,walkech02,28,ARI,NL,18,67,60,11,18,5,0,6,11,2,0,7,21,.300,.373,.683,1.056,162,41,0,0,0,0,1,*3
668,Neil Walker,walkene01,33,MIA,NL,19,59,54,5,12,1,0,3,3,1,0,4,15,.222,.288,.407,.696,89,22,4,1,0,0,0,*3
669,Chad Wallach,wallach01,27,MIA,NL,8,26,21,4,7,1,0,1,1,0,0,5,5,.333,.462,.524,.985,172,11,0,0,0,0,0,/2
670,Taylor Ward,wardta01,25,LAA,AL,3,6,6,0,1,1,0,0,0,0,0,0,4,.167,.167,.333,.500,33,2,0,0,0,0,0,/5
671,Adam Warren,warread01,31,SDP,NL,7,0,0,0,0,0,0,0,0,0,0,0,0,,,,,,0,0,0,0,0,0,/1
672,Tony Watson,watsoto01,34,SFG,NL,7,0,0,0,0,0,0,0,0,0,0,0,0,,,,,,0,0,0,0,0,0,/1
673,Luke Weaver,weavelu01,25,ARI,NL,5,7,7,1,1,0,0,1,2,0,0,0,5,.143,.143,.571,.714,69,4,0,0,0,0,0,/1
674,Jacob Webb,webbja01,25,ATL,NL,2,0,0,0,0,0,0,0,0,0,0,0,0,,,,,,0,0,0,0,0,0,/1
675,Tyler Webb,webbty01,28,STL,NL,5,0,0,0,0,0,0,0,0,0,0,0,0,,,,,,0,0,0,0,0,0,/1
676,Allen Webster,webstal01,29,CHC,NL,5,0,0,0,0,0,0,0,0,0,0,0,0,,,,,,0,0,0,0,0,0,/1
677,Joey Wendle,wendljo01,29,TBR,AL,4,9,7,0,0,0,0,0,0,0,0,0,2,.000,.222,.000,.222,-29,0,0,2,0,0,0,/456
678,Zack Wheeler,wheelza01,29,NYM,NL,4,8,8,0,1,0,0,0,0,0,0,0,3,.125,.125,.125,.250,-31,1,0,0,0,0,0,/1
679,Tyler White,whitety01,28,HOU,AL,11,35,29,1,7,1,0,0,0,0,0,6,10,.241,.371,.276,.647,84,8,1,0,0,0,0,/D3
680,Brad Wieck,wieckbr01,27,SDP,NL,6,0,0,0,0,0,0,0,0,0,0,0,0,,,,,,0,0,0,0,0,0,/1
681,Matt Wieters,wietema01,33,STL,NL,5,11,9,0,3,0,0,0,5,1,1,0,4,.333,.364,.333,.697,89,3,0,1,0,1,0,/2
682,Aaron Wilkerson,wilkeaa01,30,MIL,NL,1,1,1,1,1,0,0,1,2,0,0,0,0,1.000,1.000,4.000,5.000,1099,4,0,0,0,0,0,/1
683,Austen Williams,williau01,26,WSN,NL,2,0,0,0,0,0,0,0,0,0,0,0,0,,,,,,0,0,0,0,0,0,/1
684,Nick Williams,willini01,25,PHI,NL,15,16,14,1,3,1,0,0,3,0,0,1,6,.214,.313,.286,.598,58,4,0,1,0,0,0,/79
685,Taylor Williams,willita01,27,MIL,NL,4,0,0,0,0,0,0,0,0,0,0,0,0,,,,,,0,0,0,0,0,0,/1
686,Trevor Williams,willitr01,27,PIT,NL,3,7,6,0,1,0,0,0,2,0,0,1,2,.167,.286,.167,.452,26,1,0,0,0,0,0,/1
687,Alex Wilson,wilsoal01,32,MIL,NL,7,0,0,0,0,0,0,0,0,0,0,0,0,,,,,,0,0,0,0,0,0,/1
688,Bryse Wilson,wilsobr02,21,ATL,NL,1,2,2,0,0,0,0,0,0,0,0,0,2,.000,.000,.000,.000,-100,0,0,0,0,0,0,/1
689,Justin Wilson,wilsoju10,31,NYM,NL,8,0,0,0,0,0,0,0,0,0,0,0,0,,,,,,0,0,0,0,0,0,/1
690,Trey Wingenter,wingetr01,25,SDP,NL,9,0,0,0,0,0,0,0,0,0,0,0,0,,,,,,0,0,0,0,0,0,/1
691,Jesse Winker,winkeje01,25,CIN,NL,18,60,55,8,10,0,0,5,9,0,1,4,12,.182,.250,.455,.705,78,25,0,1,0,0,0,*/789
692,Dan Winkler,winklda01,29,ATL,NL,2,0,0,0,0,0,0,0,0,0,0,0,0,,,,,,0,0,0,0,0,0,/1
693,Patrick Wisdom,wisdopa01,27,TEX,AL,5,16,15,1,2,0,0,0,0,0,0,0,9,.133,.133,.133,.267,-30,2,0,0,1,0,0,/35
694,Matt Wisler,wislema01,26,SDP,NL,3,0,0,0,0,0,0,0,0,0,0,0,0,,,,,,0,0,0,0,0,0,/1
695,Tony Wolters,wolteto01,27,COL,NL,13,39,38,2,11,5,0,0,1,0,0,1,4,.289,.308,.421,.729,76,16,0,0,0,0,0,2/4
696,Kolten Wong,wongko01,28,STL,NL,18,71,57,10,18,3,1,4,12,4,0,10,11,.316,.437,.614,1.051,177,35,0,3,0,1,1,*4
697,Brandon Woodruff,woodrbr01,26,MIL,NL,4,8,7,1,5,2,0,0,2,0,0,1,2,.714,.750,1.000,1.750,349,7,0,0,0,0,0,/1
698,Brandon Workman,workmbr01,30,BOS,AL,2,0,0,0,0,0,0,0,0,0,0,0,0,,,,,,0,0,0,0,0,0,/1
699,Kyle Wright,wrighky01,23,ATL,NL,3,5,5,0,0,0,0,0,0,0,0,0,3,.000,.000,.000,.000,-100,0,0,0,0,0,0,/1
700,Ryan Yarbrough,yarbrry01,27,TBR,AL,1,0,0,0,0,0,0,0,0,0,0,0,0,,,,,,0,0,0,0,0,0,/1
701,Kirby Yates,yateski01,32,SDP,NL,10,0,0,0,0,0,0,0,0,0,0,0,0,,,,,,0,0,0,0,0,0,1
702,Christian Yelich,yelicch01,27,MIL,NL,20,91,77,19,27,4,0,10,27,3,0,12,14,.351,.440,.792,1.232,209,61,0,1,0,1,3,*9/8D7
703,Mark Zagunis,zagunma01,26,CHC,NL,10,20,20,1,7,3,0,0,4,0,0,0,7,.350,.350,.500,.850,116,10,1,0,0,0,0,/97
704,Ryan Zimmerman,zimmery01,34,WSN,NL,16,62,52,4,10,2,0,1,9,0,0,9,10,.192,.306,.288,.595,55,15,1,0,0,1,0,*3
705,Ben Zobrist,zobribe01,38,CHC,NL,15,58,48,5,13,0,0,0,5,0,0,9,7,.271,.379,.271,.650,73,13,2,0,0,1,0,/497D
706,Mike Zunino,zuninmi01,28,TBR,AL,14,53,51,4,10,5,1,0,7,0,0,2,13,.196,.226,.333,.560,54,17,0,0,0,0,0,*2